,Product Name,Processor,Storage,Display,Camera,Battery,Sim Type,Warranty,Price,Ratings,Color,Company
0,Realme Narzo 20 ,MediaTek Helio G85 Processor,4 GB RAM | 64 GB ROM | Expandable Upto 256 GB,16.56 cm (6.52 inch) HD+ Display,48MP + 8MP + 2MP | 8MP Front Camera,6000 mAh Lithium-ion Battery,Dual Sim,Brand Warranty of 1 Year Available for Mobile and 6 Months for Accessories,10499.0,4.3,Glory Silver,Realme
1,Realme Narzo 20A ,Qualcomm Snapdragon 665 Processor,4 GB RAM | 64 GB ROM | Expandable Upto 256 GB,16.51 cm (6.5 inch) HD+ Display,12MP + 2MP + 2MP | 8MP Front Camera,5000 mAh Lithium-ion Battery,Dual Sim,Brand Warranty of 1 Year Available for Mobile and 6 Months for Accessories,9499.0,4.4,Victory Blue,Realme
2,Realme Narzo 20 ,MediaTek Helio G85 Processor,4 GB RAM | 128 GB ROM | Expandable Upto 256 GB,16.56 cm (6.52 inch) HD+ Display,48MP + 8MP + 2MP | 8MP Front Camera,6000 mAh Lithium-ion Battery,Dual Sim,Brand Warranty of 1 Year Available for Mobile and 6 Months for Accessories,11499.0,4.3,Glory Silver,Realme
3,Realme Narzo 20 ,MediaTek Helio G85 Processor,4 GB RAM | 128 GB ROM | Expandable Upto 256 GB,16.56 cm (6.52 inch) HD+ Display,48MP + 8MP + 2MP | 8MP Front Camera,6000 mAh Lithium-ion Battery,Dual Sim,Brand Warranty of 1 Year Available for Mobile and 6 Months for Accessories,11499.0,4.3,Victory Blue,Realme
4,Realme Narzo 20A ,Qualcomm Snapdragon 665 Processor,4 GB RAM | 64 GB ROM | Expandable Upto 256 GB,16.51 cm (6.5 inch) HD+ Display,12MP + 2MP + 2MP | 8MP Front Camera,5000 mAh Lithium-ion Battery,Dual Sim,Brand Warranty of 1 Year Available for Mobile and 6 Months for Accessories,9499.0,4.4,Glory Silver,Realme
5,Realme Narzo 20 ,MediaTek Helio G85 Processor,4 GB RAM | 64 GB ROM | Expandable Upto 256 GB,16.56 cm (6.52 inch) HD+ Display,48MP + 8MP + 2MP | 8MP Front Camera,6000 mAh Lithium-ion Battery,Dual Sim,Brand Warranty of 1 Year Available for Mobile and 6 Months for Accessories,10499.0,4.3,Victory Blue,Realme
6,Realme 7i ,Qualcomm Snapdragon 662 Processor,4 GB RAM | 64 GB ROM | Expandable Upto 256 GB,16.51 cm (6.5 inch) HD+ Display,64MP + 8MP + 2MP + 2MP | 16MP Front Camera,5000 mAh Lithium-ion Battery,Dual Sim,90 Hz Ultra Smooth Display,11999.0,4.3,Fusion Blue,Realme
7,Realme Narzo 20A ,Qualcomm Snapdragon 665 Processor,3 GB RAM | 32 GB ROM | Expandable Upto 256 GB,16.51 cm (6.5 inch) HD+ Display,12MP + 2MP + 2MP | 8MP Front Camera,5000 mAh Lithium-ion Battery,Dual Sim,Brand Warranty of 1 Year Available for Mobile and 6 Months for Accessories,8499.0,4.3,Glory Silver,Realme
8,Realme Narzo 20A ,Qualcomm Snapdragon 665 Processor,3 GB RAM | 32 GB ROM | Expandable Upto 256 GB,16.51 cm (6.5 inch) HD+ Display,12MP + 2MP + 2MP | 8MP Front Camera,5000 mAh Lithium-ion Battery,Dual Sim,Brand Warranty of 1 Year Available for Mobile and 6 Months for Accessories,8499.0,4.3,Victory Blue,Realme
9,Realme 7i ,Qualcomm Snapdragon 662 Processor,4 GB RAM | 64 GB ROM | Expandable Upto 256 GB,16.51 cm (6.5 inch) HD+ Display,64MP + 8MP + 2MP + 2MP | 16MP Front Camera,5000 mAh Lithium-ion Battery,Dual Sim,90 Hz Ultra Smooth Display,11999.0,4.3,Fusion Green,Realme
10,POCO M2 ,MediaTek Helio G80 Processor,6 GB RAM | 64 GB ROM | Expandable Upto 512 GB,16.59 cm (6.53 inch) Full HD+ Display,13MP + 8MP + 5MP + 2MP | 8MP Front Camera,5000 mAh Lithium Polymer Battery,Dual Sim,"1 Year for Handset, 6 Months for Accessories",9999.0,4.3,Slate Blue,POCO
11,POCO C3 ,Mediatek Helio G35 Processor,4 GB RAM | 64 GB ROM | Expandable Upto 512 GB,16.59 cm (6.53 inch) HD+ Display,13MP + 2MP + 2MP | 5MP Front Camera,5000 mAh Li-ion Polymer Battery,Dual Sim,1 Year on Handset and 6 Months on Accessories,8499.0,4.3,Arctic Blue,POCO
12,POCO M2 ,MediaTek Helio G80 Processor,6 GB RAM | 64 GB ROM | Expandable Upto 512 GB,16.59 cm (6.53 inch) Full HD+ Display,13MP + 8MP + 5MP + 2MP | 8MP Front Camera,5000 mAh Lithium Polymer Battery,Dual Sim,"1 Year for Handset, 6 Months for Accessories",9999.0,4.3,Brick Red,POCO
13,Realme 7i ,Qualcomm Snapdragon 662 Processor,4 GB RAM | 128 GB ROM | Expandable Upto 256 GB,16.51 cm (6.5 inch) HD+ Display,64MP + 8MP + 2MP + 2MP | 16MP Front Camera,5000 mAh Lithium-ion Battery,Dual Sim,90 Hz Ultra Smooth Display,12999.0,4.3,Fusion Green,Realme
14,Redmi 9 Prime ,MediaTek Helio G80 Processor,4 GB RAM | 64 GB ROM | Expandable Upto 512 GB,16.59 cm (6.53 inch) Full HD+ Display,13MP Rear Camera | 8MP Front Camera,5020 mAh Battery,Dual Sim,1 Year Manufacturer Warranty,9999.0,4.4,Mint Green,Redmi
15,Redmi 9i ,MediaTek Helio G25 Processor,4 GB RAM | 64 GB ROM | Expandable Upto 512 GB,16.59 cm (6.53 inch) HD+ Display,13MP Rear Camera | 5MP Front Camera,5000 mAh Lithium Polymer Battery,Dual Sim,Brand Warranty of 1 Year Available for Mobile and 6 Months for Accessories,8299.0,4.3,Nature Green,Redmi
16,POCO M2 ,MediaTek Helio G80 Processor,6 GB RAM | 128 GB ROM | Expandable Upto 512 GB,16.59 cm (6.53 inch) Full HD+ Display,13MP + 8MP + 5MP + 2MP | 8MP Front Camera,5000 mAh Lithium Polymer Battery,Dual Sim,"1 Year for Handset, 6 Months for Accessories",10999.0,4.3,Brick Red,POCO
17,POCO X3 ,Qualcomm Snapdragon 732G Processor,6 GB RAM | 128 GB ROM | Expandable Upto 512 GB,16.94 cm (6.67 inch) Full HD+ Display,64MP + 13MP + 2MP + 2MP | 20MP Front Camera,6000 mAh Lithium-ion Polymer Battery,Dual Sim,1 Year for Handset and 6 Months for Accessories,17999.0,4.4,Cobalt Blue,POCO
18,POCO C3 ,Mediatek Helio G35 Processor,4 GB RAM | 64 GB ROM | Expandable Upto 512 GB,16.59 cm (6.53 inch) HD+ Display,13MP + 2MP + 2MP | 5MP Front Camera,5000 mAh Li-ion Polymer Battery,Dual Sim,1 Year on Handset and 6 Months on Accessories,8499.0,4.3,Lime Green,POCO
19,Redmi 9i ,MediaTek Helio G25 Processor,4 GB RAM | 64 GB ROM | Expandable Upto 512 GB,16.59 cm (6.53 inch) HD+ Display,13MP Rear Camera | 5MP Front Camera,5000 mAh Lithium Polymer Battery,Dual Sim,Brand Warranty of 1 Year Available for Mobile and 6 Months for Accessories,8299.0,4.3,Midnight Black,Redmi
20,POCO C3 ,Mediatek Helio G35 Processor,4 GB RAM | 64 GB ROM | Expandable Upto 512 GB,16.59 cm (6.53 inch) HD+ Display,13MP + 2MP + 2MP | 5MP Front Camera,5000 mAh Li-ion Polymer Battery,Dual Sim,1 Year on Handset and 6 Months on Accessories,8499.0,4.3,Matte Black,POCO
21,Redmi 9 Prime ,MediaTek Helio G80 Processor,4 GB RAM | 64 GB ROM | Expandable Upto 512 GB,16.59 cm (6.53 inch) Full HD+ Display,13MP Rear Camera | 8MP Front Camera,5020 mAh Battery,Dual Sim,1 Year Manufacturer Warranty,9999.0,4.4,Sunrise Flare,Redmi
22,Redmi 9 Prime ,MediaTek Helio G80 Processor,4 GB RAM | 64 GB ROM | Expandable Upto 512 GB,16.59 cm (6.53 inch) Full HD+ Display,13MP Rear Camera | 8MP Front Camera,5020 mAh Battery,Dual Sim,1 Year Manufacturer Warranty,9999.0,4.4,Matte Black,Redmi
23,Infinix Smart 4 Plus ,Mediatek Helio A25 Processor,3 GB RAM | 32 GB ROM | Expandable Upto 256 GB,17.32 cm (6.82 inch) HD+ Display,13MP + Depth Sensor | 8MP Front Camera,6000 mAh Lithium-ion Polymer Battery,Dual Sim,1 Year on Handset and 6 Months on Accessories,7999.0,4.4,Midnight Black,Infinix
24,Infinix Smart 4 Plus ,Mediatek Helio A25 Processor,3 GB RAM | 32 GB ROM | Expandable Upto 256 GB,17.32 cm (6.82 inch) HD+ Display,13MP + Depth Sensor | 8MP Front Camera,6000 mAh Lithium-ion Polymer Battery,Dual Sim,1 Year on Handset and 6 Months on Accessories,7999.0,4.4,Ocean Wave,Infinix
25,Infinix Smart 4 Plus ,Mediatek Helio A25 Processor,3 GB RAM | 32 GB ROM | Expandable Upto 256 GB,17.32 cm (6.82 inch) HD+ Display,13MP + Depth Sensor | 8MP Front Camera,6000 mAh Lithium-ion Polymer Battery,Dual Sim,1 Year on Handset and 6 Months on Accessories,7999.0,4.4,Midnight Black,Infinix
26,Infinix Hot 10 ,MediaTek Helio G70 Processor,4 GB RAM | 64 GB ROM | Expandable Upto 256 GB,17.22 cm (6.78 inch) HD+ Display,16MP + 2MP + 2MP + Low Light Sensor | 8MP Front Camera,5200 mAh Li-ion Polymer Battery,Dual Sim,1 Year on Handset and 6 Months on Accessories,9499.0,4.4,Amber Red,Infinix
27,Infinix Hot 10 ,MediaTek Helio G70 Processor,4 GB RAM | 64 GB ROM | Expandable Upto 256 GB,17.22 cm (6.78 inch) HD+ Display,16MP + 2MP + 2MP + Low Light Sensor | 8MP Front Camera,5200 mAh Li-ion Polymer Battery,Dual Sim,1 Year on Handset and 6 Months on Accessories,9499.0,4.4,Moonlight Jade,Infinix
28,Infinix Hot 10 ,MediaTek Helio G70 Processor,4 GB RAM | 64 GB ROM | Expandable Upto 256 GB,17.22 cm (6.78 inch) HD+ Display,16MP + 2MP + 2MP + Low Light Sensor | 8MP Front Camera,5200 mAh Li-ion Polymer Battery,Dual Sim,1 Year on Handset and 6 Months on Accessories,9499.0,4.4,Obsidian Black,Infinix
29,Infinix Hot 10 ,MediaTek Helio G70 Processor,4 GB RAM | 64 GB ROM | Expandable Upto 256 GB,17.22 cm (6.78 inch) HD+ Display,16MP + 2MP + 2MP + Low Light Sensor | 8MP Front Camera,5200 mAh Li-ion Polymer Battery,Dual Sim,1 Year on Handset and 6 Months on Accessories,9499.0,4.4,Ocean Wave,Infinix
30,Infinix Hot 10 ,MediaTek Helio G70 Processor,6 GB RAM | 128 GB ROM | Expandable Upto 256 GB,17.22 cm (6.78 inch) HD+ Display,16MP + 2MP + 2MP + Low Light Sensor | 8MP Front Camera,5200 mAh Li-ion Polymer Battery,Dual Sim,1 Year on Handset and 6 Months on Accessories,10999.0,4.4,Obsidian Black,Infinix
31,Infinix Hot 10 ,MediaTek Helio G70 Processor,6 GB RAM | 128 GB ROM | Expandable Upto 256 GB,17.22 cm (6.78 inch) HD+ Display,16MP + 2MP + 2MP + Low Light Sensor | 8MP Front Camera,5200 mAh Li-ion Polymer Battery,Dual Sim,1 Year on Handset and 6 Months on Accessories,10999.0,4.4,Ocean Wave,Infinix
32,Infinix Hot 10 ,MediaTek Helio G70 Processor,6 GB RAM | 128 GB ROM | Expandable Upto 256 GB,17.22 cm (6.78 inch) HD+ Display,16MP + 2MP + 2MP + Low Light Sensor | 8MP Front Camera,5200 mAh Li-ion Polymer Battery,Dual Sim,1 Year on Handset and 6 Months on Accessories,10999.0,4.4,Amber Red,Infinix
33,POCO M2 Pro ,Qualcomm Snapdragon 720G Processor,4 GB RAM | 64 GB ROM | Expandable Upto 512 GB,16.94 cm (6.67 inch) Full HD+ Display,48MP + 8MP + 5MP + 2MP | 16MP Front Camera,5000 mAh Lithium-ion Polymer Battery,Dual Sim,"1 Year for Handset, 6 Months for Accessories",12999.0,4.4,Green and Greener,POCO
34,POCO M2 Pro ,Qualcomm Snapdragon 720G Processor,6 GB RAM | 64 GB ROM | Expandable Upto 512 GB,16.94 cm (6.67 inch) Full HD+ Display,48MP + 8MP + 5MP + 2MP | 16MP Front Camera,5000 mAh Lithium-ion Polymer Battery,Dual Sim,"1 Year for Handset, 6 Months for Accessories",13999.0,4.4,Green and Greener,POCO
35,Redmi Note 9 Pro Max ,Qualcomm Snapdragon 720G Processor,6 GB RAM | 64 GB ROM | Expandable Upto 512 GB,16.94 cm (6.67 inch) Full HD+ Display,64MP + 8MP + 5MP + 2MP | 32MP Front Camera,5020 mAh Lithium Polymer Battery,Dual Sim,1 Year Manufacturer Warranty for Device and 6 Months Manufacturer Warranty for In-box Accessories,14999.0,4.4,Interstellar Black,Redmi
36,Infinix Smart 4 Plus ,Mediatek Helio A25 Processor,3 GB RAM | 32 GB ROM | Expandable Upto 256 GB,17.32 cm (6.82 inch) HD+ Display,13MP + Depth Sensor | 8MP Front Camera,6000 mAh Lithium-ion Polymer Battery,Dual Sim,1 Year on Handset and 6 Months on Accessories,7999.0,4.4,Violet,Infinix
37,POCO X3 ,Qualcomm Snapdragon 732G Processor,6 GB RAM | 128 GB ROM | Expandable Upto 512 GB,16.94 cm (6.67 inch) Full HD+ Display,64MP + 13MP + 2MP + 2MP | 20MP Front Camera,6000 mAh Lithium-ion Polymer Battery,Dual Sim,1 Year for Handset and 6 Months for Accessories,17999.0,4.4,Shadow Gray,POCO
38,POCO M3 ,Qualcomm Snapdragon 662 Processor,6 GB RAM | 128 GB ROM | Expandable Upto 512 GB,16.59 cm (6.53 inch) Full HD+ Display,48MP + 2MP + 2MP | 8MP Front Camera,6000 mAh Lithium-ion Polymer Battery,Dual Sim,"One Year Warranty for Handset, 6 Months for Accessories",11999.0,4.5,Power Black,POCO
39,Apple iPhone SE ,"Water and Dust Resistant (1 meter for Upto 30 minutes, IP67)",64 GB ROM,11.94 cm (4.7 inch) Retina HD Display,12MP Rear Camera | 7MP Front Camera,A13 Bionic Chip with 3rd Gen Neural Engine Processor,Dual Sim,Fast Charge Capable,34999.0,4.5,Black,Apple
40,POCO M3 ,Qualcomm Snapdragon 662 Processor,6 GB RAM | 128 GB ROM | Expandable Upto 512 GB,16.59 cm (6.53 inch) Full HD+ Display,48MP + 2MP + 2MP | 8MP Front Camera,6000 mAh Lithium-ion Polymer Battery,Dual Sim,"One Year Warranty for Handset, 6 Months for Accessories",11999.0,4.5,Yellow,POCO
41,Snexian GURU 310,1 Year Warranty,32 MB RAM | 32 MB ROM,4.57 cm (1.8 inch) NA Display,1.3MP Rear Camera,1000 mAh Battery,Dual Sim,"One Year Warranty for Handset, 6 Months for Accessories",610.0,3.6,,Snexian
42,Realme 7 ,MediaTek Helio G95 Processor,6 GB RAM | 64 GB ROM | Expandable Upto 256 GB,16.51 cm (6.5 inch) Full HD+ Display,64MP + 8MP + 2MP + 2MP | 16MP Front Camera,5000 mAh Lithium-ion Battery,Dual Sim,Brand Warranty of 1 Year Available for Mobile and 6 Months for Accessories,14999.0,4.3,Mist Blue,Realme
43,Realme 7 ,MediaTek Helio G95 Processor,8 GB RAM | 128 GB ROM | Expandable Upto 256 GB,16.51 cm (6.5 inch) Full HD+ Display,64MP + 8MP + 2MP + 2MP | 16MP Front Camera,5000 mAh Lithium-ion Battery,Dual Sim,Brand Warranty of 1 Year Available for Mobile and 6 Months for Accessories,16999.0,4.3,Mist Blue,Realme
44,Tecno Spark Power 2 Air ,MediaTek Helio A22 Quad Core Processor,3 GB RAM | 32 GB ROM | Expandable Upto 256 GB,17.78 cm (7 inch) HD+ Display,13MP + 2MP + 2MP + AI Lens Quad AI Camera | 8MP Front Camera,6000 mAh Lithium-ion Polymer Battery,Dual Sim,12 + 1 Months Warranty,7999.0,4.3,Cosmic Shine,Tecno
45,POCO M2 Pro ,Qualcomm Snapdragon 720G Processor,4 GB RAM | 64 GB ROM | Expandable Upto 512 GB,16.94 cm (6.67 inch) Full HD+ Display,48MP + 8MP + 5MP + 2MP | 16MP Front Camera,5000 mAh Lithium-ion Polymer Battery,Dual Sim,"1 Year for Handset, 6 Months for Accessories",12999.0,4.4,Two Shades of Black,POCO
46,Infinix Hot 10 ,MediaTek Helio G70 Processor,6 GB RAM | 128 GB ROM | Expandable Upto 256 GB,17.22 cm (6.78 inch) HD+ Display,16MP + 2MP + 2MP + Low Light Sensor | 8MP Front Camera,5200 mAh Li-ion Polymer Battery,Dual Sim,1 Year on Handset and 6 Months on Accessories,10999.0,4.4,Moonlight Jade,Infinix
47,POCO M2 Pro ,Qualcomm Snapdragon 720G Processor,6 GB RAM | 64 GB ROM | Expandable Upto 512 GB,16.94 cm (6.67 inch) Full HD+ Display,48MP + 8MP + 5MP + 2MP | 16MP Front Camera,5000 mAh Lithium-ion Polymer Battery,Dual Sim,"1 Year for Handset, 6 Months for Accessories",13999.0,4.4,Out of the Blue,POCO
48,Infinix Hot 10 ,MediaTek Helio G70 Processor,6 GB RAM | 128 GB ROM | Expandable Upto 256 GB,17.22 cm (6.78 inch) HD+ Display,16MP + 2MP + 2MP + Low Light Sensor | 8MP Front Camera,5200 mAh Li-ion Polymer Battery,Dual Sim,1 Year on Handset and 6 Months on Accessories,10999.0,4.4,Moonlight Jade,Infinix
49,POCO M3 ,Qualcomm Snapdragon 662 Processor,6 GB RAM | 128 GB ROM | Expandable Upto 512 GB,16.59 cm (6.53 inch) Full HD+ Display,48MP + 2MP + 2MP | 8MP Front Camera,6000 mAh Lithium-ion Polymer Battery,Dual Sim,"One Year Warranty for Handset, 6 Months for Accessories",11999.0,4.5,Yellow,POCO
50,POCO M2 Pro ,Qualcomm Snapdragon 720G Processor,4 GB RAM | 64 GB ROM | Expandable Upto 512 GB,16.94 cm (6.67 inch) Full HD+ Display,48MP + 8MP + 5MP + 2MP | 16MP Front Camera,5000 mAh Lithium-ion Polymer Battery,Dual Sim,"1 Year for Handset, 6 Months for Accessories",12999.0,4.4,Out of the Blue,POCO
51,POCO M3 ,Qualcomm Snapdragon 662 Processor,6 GB RAM | 64 GB ROM | Expandable Upto 512 GB,16.59 cm (6.53 inch) Full HD+ Display,48MP + 2MP + 2MP | 8MP Front Camera,6000 mAh Lithium-ion Polymer Battery,Dual Sim,"One Year Warranty for Handset, 6 Months for Accessories",10999.0,4.5,Yellow,POCO
52,Realme C11 ,Mediatek Helio G35 Processor,2 GB RAM | 32 GB ROM | Expandable Upto 256 GB,16.51 cm (6.5 inch) HD+ Display,13MP + 2MP | 5MP Front Camera,5000 mAh Battery,Dual Sim,Brand Warranty of 1 Year Available for Mobile and 6 Months for Accessories,7499.0,4.4,Rich Grey,Realme
53,Realme C11 ,Mediatek Helio G35 Processor,2 GB RAM | 32 GB ROM | Expandable Upto 256 GB,16.51 cm (6.5 inch) HD+ Display,13MP + 2MP | 5MP Front Camera,5000 mAh Battery,Dual Sim,Brand Warranty of 1 Year Available for Mobile and 6 Months for Accessories,7499.0,4.4,Rich Green,Realme
54,POCO M2 Pro ,Qualcomm Snapdragon 720G Processor,6 GB RAM | 64 GB ROM | Expandable Upto 512 GB,16.94 cm (6.67 inch) Full HD+ Display,48MP + 8MP + 5MP + 2MP | 16MP Front Camera,5000 mAh Lithium-ion Polymer Battery,Dual Sim,"1 Year for Handset, 6 Months for Accessories",13999.0,4.4,Two Shades of Black,POCO
55,POCO X3 ,Qualcomm Snapdragon 732G Processor,8 GB RAM | 128 GB ROM | Expandable Upto 512 GB,16.94 cm (6.67 inch) Full HD+ Display,64MP + 13MP + 2MP + 2MP | 20MP Front Camera,6000 mAh Lithium-ion Polymer Battery,Dual Sim,1 Year for Handset and 6 Months for Accessories,19999.0,4.3,Cobalt Blue,POCO
56,Redmi Note 9 pro max ,Qualcomm Snapdragon 720G Processor,6 GB RAM | 64 GB ROM | Expandable Upto 512 GB,16.94 cm (6.67 inch) Full HD+ Display,64MP + 8MP + 5MP + 2MP | 32MP Front Camera,5020 mAh Lithium Polymer Battery,Dual Sim,1 Year Manufacturer Warranty for Device and 6 Months Manufacturer Warranty for In-box Accessories,14999.0,4.4,Aurora Blue,Redmi
57,POCO C3 ,Mediatek Helio G35 Processor,3 GB RAM | 32 GB ROM | Expandable Upto 512 GB,16.59 cm (6.53 inch) HD+ Display,13MP + 2MP + 2MP | 5MP Front Camera,5000 mAh Li-ion Polymer Battery,Dual Sim,1 Year on Handset and 6 Months on Accessories,7499.0,4.3,Matte Black,POCO
58,OPPO A52 ,Qualcomm Snapdragon 665 Processor,4 GB RAM | 128 GB ROM | Expandable Upto 256 GB,16.51 cm (6.5 inch) Full HD+ Display,12MP + 8MP + 2MP + 2MP | 16MP Front Camera,5000 mAh Lithium Polymer Battery,Dual Sim,Brand Warranty of 1 Year Available for Mobile Including Battery and 6 Months for Accessories,14990.0,4.4,Twilight Black,OPPO
59,OPPO A52 ,Qualcomm Snapdragon 665 Processor,4 GB RAM | 128 GB ROM | Expandable Upto 256 GB,16.51 cm (6.5 inch) Full HD+ Display,12MP + 8MP + 2MP + 2MP | 16MP Front Camera,5000 mAh Lithium Polymer Battery,Dual Sim,Brand Warranty of 1 Year Available for Mobile Including Battery and 6 Months for Accessories,14990.0,4.4,Stream White,OPPO
60,POCO C3 ,Mediatek Helio G35 Processor,3 GB RAM | 32 GB ROM | Expandable Upto 512 GB,16.59 cm (6.53 inch) HD+ Display,13MP + 2MP + 2MP | 5MP Front Camera,5000 mAh Li-ion Polymer Battery,Dual Sim,1 Year on Handset and 6 Months on Accessories,7499.0,4.3,Arctic Blue,POCO
61,Apple iPhone XR ,iOS 13 Compatible,64 GB ROM,15.5 cm (6.102 inch) Display,12MP Rear Camera | 7MP Front Camera,A12 Bionic Chip Processor,Dual Sim,Brand Warranty of 1 Year,41999.0,4.6,Black,Apple
62,Realme C12 ,Mediatek Helio G35 Processor,3 GB RAM | 32 GB ROM | Expandable Upto 256 GB,16.56 cm (6.52 inch) HD+ Display,13MP + 2MP + 2MP | 5MP Front Camera,6000 mAh Lithium-ion Battery,Dual Sim,Brand Warranty of 1 Year Available for Mobile and 6 Months for Accessories,8999.0,4.4,Power Blue,Realme
63,Realme C12 ,Mediatek Helio G35 Processor,3 GB RAM | 32 GB ROM | Expandable Upto 256 GB,16.56 cm (6.52 inch) HD+ Display,13MP + 2MP + 2MP | 5MP Front Camera,6000 mAh Lithium-ion Battery,Dual Sim,Brand Warranty of 1 Year Available for Mobile and 6 Months for Accessories,8999.0,4.4,Power Silver,Realme
64,Samsung Galaxy F41 ,Exynos 9611 Processor,6 GB RAM | 128 GB ROM | Expandable Upto 512 GB,16.26 cm (6.4 inch) Full HD+ Display,64MP + 8MP + 5MP | 32MP Front Camera,6000 mAh Lithium-ion Battery,Dual Sim,Super AMOLED Display,16499.0,4.3,Fusion Green,Samsung
65,POCO C3 ,Mediatek Helio G35 Processor,3 GB RAM | 32 GB ROM | Expandable Upto 512 GB,16.59 cm (6.53 inch) HD+ Display,13MP + 2MP + 2MP | 5MP Front Camera,5000 mAh Li-ion Polymer Battery,Dual Sim,1 Year on Handset and 6 Months on Accessories,7499.0,4.3,Lime Green,POCO
66,Nokia 105 Ta-1304 SS ,Mediatek Helio G35 Processor,4 MB RAM | 4 MB ROM,4.5 cm (1.77 inch) Quarter QVGA Display,800 mAh Lithium Ion Battery,Brand Warranty of 1 Year Available for Mobile,Single Sim,1 Year on Handset and 6 Months on Accessories,1158.0,4.2,Black),Nokia
67,Apple iPhone SE ,"Water and Dust Resistant (1 meter for Upto 30 minutes, IP67)",64 GB ROM,11.94 cm (4.7 inch) Retina HD Display,12MP Rear Camera | 7MP Front Camera,A13 Bionic Chip with 3rd Gen Neural Engine Processor,Dual Sim,Fast Charge Capable,34999.0,4.5,Red,Apple
68,Redmi 9 Prime ,MediaTek Helio G80 Processor,4 GB RAM | 64 GB ROM | Expandable Upto 512 GB,16.59 cm (6.53 inch) Full HD+ Display,13MP Rear Camera | 8MP Front Camera,5020 mAh Battery,Dual Sim,1 Year Manufacturer Warranty,11995.0,4.4,Space Blue,Redmi
69,Apple iPhone 11 ,Brand Warranty of 1 Year,64 GB ROM,15.49 cm (6.1 inch) Liquid Retina HD Display,12MP + 12MP | 12MP Front Camera,A13 Bionic Chip Processor,Dual Sim,1 Year Manufacturer Warranty,49999.0,4.6,White,Apple
70,OPPO A12 ,MediaTek Helio P35 Processor,3 GB RAM | 32 GB ROM | Expandable Upto 256 GB,15.8 cm (6.22 inch) HD+ Display,13MP + 2MP | 5MP Front Camera,4230 mAh Battery,Dual Sim,Brand Warranty of 1 Year Available for Mobile Including Battery and 6 Months for Accessories,8990.0,4.3,Flowing Silver,OPPO
71,OPPO A12 ,MediaTek Helio P35 Processor,4 GB RAM | 64 GB ROM | Expandable Upto 256 GB,15.8 cm (6.22 inch) HD+ Display,13MP + 2MP | 5MP Front Camera,4230 mAh Battery,Dual Sim,Brand Warranty of 1 Year Available for Mobile Including Battery and 6 Months for Accessories,11490.0,4.4,Black,OPPO
72,Vivo Y50 ,Qualcomm Snapdragon 665 Processor,8 GB RAM | 128 GB ROM | Expandable Upto 256 GB,16.59 cm (6.53 inch) Display,13MP + 8MP + 2MP + 2MP | 16MP Front Camera,5000 mAh Lithium-ion Battery,Dual Sim,1 Year Manufacturer Warranty for Phone and 6 Months Warranty for in the Box Accessories,16490.0,4.4,Iris Blue,Vivo
73,Motorola G9 ,Qualcomm Snapdragon 662 Processor,4 GB RAM | 64 GB ROM | Expandable Upto 512 GB,16.51 cm (6.5 inch) HD+ Display,48MP + 2MP + 2MP | 8MP Front Camera,5000 mAh Battery,Dual Sim,Stock Android Experience,10999.0,4.2,Sapphire Blue,Motorola
74,OPPO A52 ,Qualcomm Snapdragon 665 Processor,4 GB RAM | 128 GB ROM | Expandable Upto 256 GB,16.51 cm (6.5 inch) Full HD+ Display,12MP + 8MP + 2MP + 2MP | 16MP Front Camera,5000 mAh Lithium Polymer Battery,Dual Sim,Brand Warranty of 1 Year Available for Mobile Including Battery and 6 Months for Accessories,15999.0,4.4,Twilight Black,OPPO
75,OPPO A52 ,Qualcomm Snapdragon 665 Processor,8 GB RAM | 128 GB ROM | Expandable Upto 256 GB,16.51 cm (6.5 inch) Full HD+ Display,12MP + 8MP + 2MP + 2MP | 16MP Front Camera,5000 mAh Lithium Polymer Battery,Dual Sim,Brand Warranty of 1 Year Available for Mobile Including Battery and 6 Months for Accessories,18888.0,4.2,Stream White,OPPO
76,POCO X3 ,Qualcomm Snapdragon 732G Processor,6 GB RAM | 64 GB ROM | Expandable Upto 512 GB,16.94 cm (6.67 inch) Full HD+ Display,64MP + 13MP + 2MP + 2MP | 20MP Front Camera,6000 mAh Lithium-ion Polymer Battery,Dual Sim,1 Year for Handset and 6 Months for Accessories,16999.0,4.4,Cobalt Blue,POCO
77,Google Pixel 4a ,Qualcomm Snapdragon 730G Processor,6 GB RAM | 128 GB ROM,14.76 cm (5.81 inch) Full HD+ Display,12.2MP Rear Camera | 8MP Front Camera,3140 mAh Battery,Dual Sim,OLED Display,31999.0,4.6,Just Black,Google
78,OPPO A12 ,MediaTek Helio P35 Processor,3 GB RAM | 32 GB ROM | Expandable Upto 256 GB,15.8 cm (6.22 inch) HD+ Display,13MP + 2MP | 5MP Front Camera,4230 mAh Battery,Dual Sim,Brand Warranty of 1 Year Available for Mobile Including Battery and 6 Months for Accessories,8990.0,4.3,Flowing Silver,OPPO
79,OPPO A12 ,MediaTek Helio P35 Processor,4 GB RAM | 64 GB ROM | Expandable Upto 256 GB,15.8 cm (6.22 inch) HD+ Display,13MP + 2MP | 5MP Front Camera,4230 mAh Battery,Dual Sim,Brand Warranty of 1 Year Available for Mobile Including Battery and 6 Months for Accessories,11490.0,4.4,Black,OPPO
80,OPPO A12 ,MediaTek Helio P35 Processor,4 GB RAM | 64 GB ROM | Expandable Upto 256 GB,15.8 cm (6.22 inch) HD+ Display,13MP + 2MP | 5MP Front Camera,4230 mAh Battery,Dual Sim,Brand Warranty of 1 Year Available for Mobile Including Battery and 6 Months for Accessories,11490.0,4.4,Blue,OPPO
81,OPPO A12 ,MediaTek Helio P35 Processor,3 GB RAM | 32 GB ROM | Expandable Upto 256 GB,15.8 cm (6.22 inch) HD+ Display,13MP + 2MP | 5MP Front Camera,4230 mAh Battery,Dual Sim,Brand Warranty of 1 Year Available for Mobile Including Battery and 6 Months for Accessories,8990.0,4.3,Black,OPPO
82,POCO M2 Pro ,Qualcomm Snapdragon 720G Processor,6 GB RAM | 128 GB ROM | Expandable Upto 512 GB,16.94 cm (6.67 inch) Full HD+ Display,48MP + 8MP + 5MP + 2MP | 16MP Front Camera,5000 mAh Lithium-ion Polymer Battery,Dual Sim,"1 Year for Handset, 6 Months for Accessories",15999.0,4.4,Out of the Blue,POCO
83,Realme C12 ,Mediatek Helio G35 Processor,4 GB RAM | 64 GB ROM | Expandable Upto 256 GB,16.56 cm (6.52 inch) HD+ Display,13MP + 2MP + 2MP | 5MP Front Camera,6000 mAh Lithium-ion Battery,Dual Sim,Brand Warranty of 1 Year Available for Mobile and 6 Months for Accessories,9999.0,4.4,Power Blue,Realme
84,Realme C12 ,Mediatek Helio G35 Processor,4 GB RAM | 64 GB ROM | Expandable Upto 256 GB,16.56 cm (6.52 inch) HD+ Display,13MP + 2MP + 2MP | 5MP Front Camera,6000 mAh Lithium-ion Battery,Dual Sim,Brand Warranty of 1 Year Available for Mobile and 6 Months for Accessories,9999.0,4.4,Power Silver,Realme
85,Apple iPhone SE ,"Water and Dust Resistant (1 meter for Upto 30 minutes, IP67)",64 GB ROM,11.94 cm (4.7 inch) Retina HD Display,12MP Rear Camera | 7MP Front Camera,A13 Bionic Chip with 3rd Gen Neural Engine Processor,Dual Sim,Fast Charge Capable,34999.0,4.5,White,Apple
86,Vivo Y50 ,Qualcomm Snapdragon 665 Processor,8 GB RAM | 128 GB ROM | Expandable Upto 256 GB,16.59 cm (6.53 inch) Display,13MP + 8MP + 2MP + 2MP | 16MP Front Camera,5000 mAh Lithium-ion Battery,Dual Sim,1 Year Manufacturer Warranty for Phone and 6 Months Warranty for in the Box Accessories,16490.0,4.4,Pearl White,Vivo
87,Realme 7 ,MediaTek Helio G95 Processor,8 GB RAM | 128 GB ROM | Expandable Upto 256 GB,16.51 cm (6.5 inch) Full HD+ Display,64MP + 8MP + 2MP + 2MP | 16MP Front Camera,5000 mAh Lithium-ion Battery,Dual Sim,Brand Warranty of 1 Year Available for Mobile and 6 Months for Accessories,16999.0,4.3,Mist White,Realme
88,Realme 7 ,MediaTek Helio G95 Processor,8 GB RAM | 128 GB ROM | Expandable Upto 256 GB,16.51 cm (6.5 inch) Full HD+ Display,64MP + 8MP + 2MP + 2MP | 16MP Front Camera,5000 mAh Lithium-ion Battery,Dual Sim,Brand Warranty of 1 Year Available for Mobile and 6 Months for Accessories,16999.0,4.3,Mist Blue,Realme
89,Redmi 9 Power ,Qualcomm Snapdragon 662 Processor,4 GB RAM | 64 GB ROM,16.59 cm (6.53 inch) Full HD+ Display,48MP Rear Camera | 8MP Front Camera,6000 mAh Battery,Dual Sim,1 year manufacturer warranty for device and 6 months manufacturer warranty for in-box accessories including batteries from the date of purchase,10999.0,4.3,Blazing Blue,Redmi
90,Infinix Smart 4 ,MediaTek Helio A22 Processor,2 GB RAM | 32 GB ROM,17.32 cm (6.82 inch) HD+ Display,13MP + Depth Sensor | 8MP Front Camera,6000 mAh Li-ion Polymer Battery,Dual Sim,1 Year on Handset and 6 Months on Accessories,6999.0,4.4,Quetzal Cyan,Infinix
91,Infinix Smart 4 ,MediaTek Helio A22 Processor,2 GB RAM | 32 GB ROM,17.32 cm (6.82 inch) HD+ Display,13MP + Depth Sensor | 8MP Front Camera,6000 mAh Li-ion Polymer Battery,Dual Sim,1 Year on Handset and 6 Months on Accessories,6999.0,4.4,Ocean Wave,Infinix
92,Redmi 9 Prime ,MediaTek Helio G80 Processor,4 GB RAM | 128 GB ROM | Expandable Upto 512 GB,16.59 cm (6.53 inch) Full HD+ Display,13MP Rear Camera | 8MP Front Camera,5020 mAh Battery,Dual Sim,1 Year Manufacturer Warranty,10999.0,4.4,Sunrise Flare,Redmi
93,Vivo Y12s ,Snapdragon 439 Processor,3 GB RAM | 32 GB ROM | Expandable Upto 256 GB,16.54 cm (6.51 inch) HD+ Display,13MP + 2MP | 8MP Front Camera,5000 mAh Li-ion Battery,Dual Sim,1 Year for Handset and 6 Months for In-box Accessories,9990.0,4.2,Phantom Black,Vivo
94,Motorola E7 Plus ,Qualcomm Snapdragon 460 Processor,4 GB RAM | 64 GB ROM | Expandable Upto 512 GB,16.51 cm (6.5 inch) HD+ Display,48MP + 2MP | 8MP Front Camera,5000 mAh Battery,Dual Sim,Stock Android Experience,9999.0,4.2,Misty Blue,Motorola
95,Nokia TA-1010/105,Qualcomm Snapdragon 460 Processor,4 MB RAM | 4 MB ROM,4.57 cm (1.8 inch) Display,800 mAh Battery,1 Year Manufacturer Warranty,Single Sim,Stock Android Experience,1171.0,4.3,,Nokia
96,Realme Narzo 20 Pro ,MediaTek Helio G95 Processor,6 GB RAM | 64 GB ROM | Expandable Upto 256 GB,16.51 cm (6.5 inch) Full HD+ Display,48MP + 8MP + 2MP + 2MP | 16MP Front Camera,4500 mAh Lithium-ion Battery,Dual Sim,65W Super Dart Charger,14999.0,4.3,Black Ninja,Realme
97,Realme Narzo 20 Pro ,MediaTek Helio G95 Processor,6 GB RAM | 64 GB ROM | Expandable Upto 256 GB,16.51 cm (6.5 inch) Full HD+ Display,48MP + 8MP + 2MP + 2MP | 16MP Front Camera,4500 mAh Lithium-ion Battery,Dual Sim,65W Super Dart Charger,14999.0,4.3,White Knight,Realme
98,Motorola G9 Power ,Qualcomm Snapdragon 662 Processor,4 GB RAM | 64 GB ROM | Expandable Upto 512 GB,17.22 cm (6.78 inch) HD+ Display,64MP + 2MP + 2MP | 16MP Front Camera,6000 mAh Li-Polymer Battery,Dual Sim,20 W Fast Charging,11999.0,4.1,Electric Violet,Motorola
99,Nokia 105 SS 2020,Qualcomm Snapdragon 662 Processor,4 MB RAM | 4 MB ROM,4.5 cm (1.77 inch) Quarter QVGA Display,800 mAh Lithium Ion Battery,Brand Warranty of 1 Year Available for Mobile,Single Sim,20 W Fast Charging,1165.0,4.3,,Nokia
100,OPPO A12 ,MediaTek Helio P35 Processor,3 GB RAM | 32 GB ROM | Expandable Upto 256 GB,15.8 cm (6.22 inch) HD+ Display,13MP + 2MP | 5MP Front Camera,4230 mAh Battery,Dual Sim,Brand Warranty of 1 Year Available for Mobile Including Battery and 6 Months for Accessories,8990.0,4.3,Blue,OPPO
101,Samsung Galaxy F41 ,Exynos 9611 Processor,6 GB RAM | 64 GB ROM | Expandable Upto 512 GB,16.26 cm (6.4 inch) Full HD+ Display,64MP + 8MP + 5MP | 32MP Front Camera,6000 mAh Lithium-ion Battery,Dual Sim,Super AMOLED Display,15999.0,4.3,Fusion Blue,Samsung
102,Apple iPhone SE ,"Water and Dust Resistant (1 meter for Upto 30 minutes, IP67)",128 GB ROM,11.94 cm (4.7 inch) Retina HD Display,12MP Rear Camera | 7MP Front Camera,A13 Bionic Chip with 3rd Gen Neural Engine Processor,Dual Sim,Fast Charge Capable,39999.0,4.5,White,Apple
103,Vivo Y12s ,Snapdragon 439 Processor,3 GB RAM | 32 GB ROM | Expandable Upto 256 GB,16.54 cm (6.51 inch) HD+ Display,13MP + 2MP | 8MP Front Camera,5000 mAh Li-ion Battery,Dual Sim,1 Year for Handset and 6 Months for In-box Accessories,9990.0,4.2,Glacier Blue,Vivo
104,Gionee Max ,Octa Core Processor,2 GB RAM | 32 GB ROM | Expandable Upto 256 GB,15.49 cm (6.1 inch) HD+ Display,13MP + Digital Camera | 5MP Front Camera,5000 mAh Lithium-ion Polymer Battery,Dual Sim,"One Year for Handset, 6 Months for Accessories",5999.0,4.1,Red,Gionee
105,Gionee Max ,Octa Core Processor,2 GB RAM | 32 GB ROM | Expandable Upto 256 GB,15.49 cm (6.1 inch) HD+ Display,13MP + Digital Camera | 5MP Front Camera,5000 mAh Lithium-ion Polymer Battery,Dual Sim,"One Year for Handset, 6 Months for Accessories",5999.0,4.1,Royal Blue,Gionee
106,Realme X7 Pro ,MediaTek Dimensity 1000 Plus Processor,8 GB RAM | 128 GB ROM,16.64 cm (6.55 inch) Full HD+ Display,64MP + 8MP + 2MP + 2MP | 32MP Front Camera,4500 mAh Battery,Dual Sim,120 Hz sAmoled Display|65W SuperDart Charging,29999.0,4.6,Mystic Black,Realme
107,Micromax X741,1 Year Product and 6 Month Accessories	Manufacturer Warranty	Repair or Replacement	Manufacture Defect	Liquid or Damaged,32 MB RAM | 32 MB ROM,6.1 cm (2.4 inch) Display,0.3MP Rear Camera,1750 mAh Battery,Dual Sim,120 Hz sAmoled Display|65W SuperDart Charging,1224.0,4.0,,Micromax
108,Lava A1,1 Year Warranty,24 MB RAM | 24 MB ROM | Expandable Upto 32 GB,4.5 cm (1.77 inch) Quarter QVGA Display,0.3MP Rear Camera,800 mAh Battery,Dual Sim,120 Hz sAmoled Display|65W SuperDart Charging,931.0,4.2,,Lava
109,Samsung Galaxy F41 ,Exynos 9611 Processor,6 GB RAM | 128 GB ROM | Expandable Upto 512 GB,16.26 cm (6.4 inch) Full HD+ Display,64MP + 8MP + 5MP | 32MP Front Camera,6000 mAh Lithium-ion Battery,Dual Sim,Super AMOLED Display,16499.0,4.3,Fusion Blue,Samsung
110,Vivo Y20 ,Qualcomm Snapdragon 460 Processor,4 GB RAM | 64 GB ROM | Expandable Upto 256 GB,16.54 cm (6.51 inch) HD+ Display,13MP + 2MP + 2MP | 8MP Front Camera,5000 mAh Lithium-ion Battery,Dual Sim,1 Year for Device and 6 Months for In-box Accessories,12990.0,4.4,Obsidian Black,Vivo
111,Vivo Y20 ,Qualcomm Snapdragon 460 Processor,4 GB RAM | 64 GB ROM | Expandable Upto 256 GB,16.54 cm (6.51 inch) HD+ Display,13MP + 2MP + 2MP | 8MP Front Camera,5000 mAh Lithium-ion Battery,Dual Sim,1 Year for Device and 6 Months for In-box Accessories,12990.0,4.4,Dawn White,Vivo
112,Redmi 9 Prime ,MediaTek Helio G80 Processor,4 GB RAM | 128 GB ROM | Expandable Upto 512 GB,16.59 cm (6.53 inch) Full HD+ Display,13MP Rear Camera | 8MP Front Camera,5020 mAh Battery,Dual Sim,1 Year Manufacturer Warranty,10999.0,4.4,Mint Green,Redmi
113,Micromax X741,1 Year Product and 6 Month Accessories	Manufacturer Warranty	Repair or Replacement	Manufacture Defect	Liquid or Damaged,32 MB RAM | 32 MB ROM,6.1 cm (2.4 inch) Display,0.3MP Rear Camera,1750 mAh Battery,Dual Sim,1 Year Manufacturer Warranty,1289.0,4.0,,Micromax
114,Tecno Camon 15 ,Helio P22 MT6762 Processor,4 GB RAM | 64 GB ROM | Expandable Upto 256 GB,16.64 cm (6.55 inch) HD+ Display,48MP + 2MP + 2MP + QVGA Rear Camera | 16MP Front Camera,5000 mAh Li-ion Polymer Battery Battery,Dual Sim,Brand Warranty of 13 Months Available for Mobile and 1 Time Screen Replacement,9999.0,4.2,Dark Jade,Tecno
115,POCO M2 Pro ,Qualcomm Snapdragon 720G Processor,6 GB RAM | 128 GB ROM | Expandable Upto 512 GB,16.94 cm (6.67 inch) Full HD+ Display,48MP + 8MP + 5MP + 2MP | 16MP Front Camera,5000 mAh Lithium-ion Polymer Battery,Dual Sim,"1 Year for Handset, 6 Months for Accessories",15999.0,4.4,Two Shades of Black,POCO
116,Vivo Y31 ,Qualcomm Snapdragon 662 Processor,6 GB RAM | 128 GB ROM | Expandable Upto 1 TB,16.71 cm (6.58 inch) Full HD+ Display,48MP + 2MP + 2MP | 16MP Front Camera,5000 mAh Li-ion Battery,Dual Sim,1 Year for Handset and 6 Months for In-box Accessories,16490.0,4.5,Racing Black,Vivo
117,Vivo Y31 ,Qualcomm Snapdragon 662 Processor,6 GB RAM | 128 GB ROM | Expandable Upto 1 TB,16.71 cm (6.58 inch) Full HD+ Display,48MP + 2MP + 2MP | 16MP Front Camera,5000 mAh Li-ion Battery,Dual Sim,1 Year for Handset and 6 Months for In-box Accessories,16490.0,4.5,Ocean Blue,Vivo
118,Infinix Hot 9 ,MediaTek Helio P22 (64 bit) Processor,4 GB RAM | 64 GB ROM | Expandable Upto 256 GB,16.76 cm (6.6 inch) HD+ Display,13 MP + 2 MP + 2 MP + Low Light Sensor | 8MP Front Camera,5000 mAh Li-ion Polymer Battery,Dual Sim,"1 Year Warranty on Phone, 6 Months Warranty on Accessories",9499.0,4.4,Quetzal Cyan,Infinix
119,Realme 7 Pro ,Qualcomm Snapdragon 720G Processor,6 GB RAM | 128 GB ROM | Expandable Upto 256 GB,16.26 cm (6.4 inch) Full HD+ Display,64MP + 8MP + 2MP + 2MP | 32MP Front Camera,4500 mAh Lithium-ion Battery,Dual Sim,Super AMOLED Display,19999.0,4.4,Mirror Blue,Realme
120,OPPO Reno2 F ,MediaTek Helio P70 Processor,6 GB RAM | 256 GB ROM,16.51 cm (6.5 inch) Display,48MP + 8MP + 2MP + 2MP | 16MP Front Camera,4000 mAh Battery,Dual Sim,Ultra Night Mode 2.0,17990.0,4.4,Sky White,OPPO
121,Tecno Camon 15 ,Helio P22 MT6762 Processor,4 GB RAM | 64 GB ROM | Expandable Upto 256 GB,16.64 cm (6.55 inch) HD+ Display,48MP + 2MP + 2MP + QVGA Rear Camera | 16MP Front Camera,5000 mAh Li-ion Polymer Battery Battery,Dual Sim,Brand Warranty of 13 Months Available for Mobile and 1 Time Screen Replacement,9999.0,4.2,Dark Jade,Tecno
122,POCO M2 Pro ,Qualcomm Snapdragon 720G Processor,6 GB RAM | 128 GB ROM | Expandable Upto 512 GB,16.94 cm (6.67 inch) Full HD+ Display,48MP + 8MP + 5MP + 2MP | 16MP Front Camera,5000 mAh Lithium-ion Polymer Battery,Dual Sim,"1 Year for Handset, 6 Months for Accessories",15999.0,4.4,Two Shades of Black,POCO
123,Infinix Hot 9 ,MediaTek Helio P22 (64 bit) Processor,4 GB RAM | 64 GB ROM | Expandable Upto 256 GB,16.76 cm (6.6 inch) HD+ Display,13 MP + 2 MP + 2 MP + Low Light Sensor | 8MP Front Camera,5000 mAh Li-ion Polymer Battery,Dual Sim,"1 Year Warranty on Phone, 6 Months Warranty on Accessories",9499.0,4.4,Quetzal Cyan,Infinix
124,Lava A1 Josh,MediaTek Helio P22 (64 bit) Processor,4 MB RAM | 1 KB ROM,4.57 cm (1.8 inch) QVGA Display,800 mAh Battery,1 Year replacement gurantee for phone and 6 months warranty for accessories in the box,Dual Sim,"1 Year Warranty on Phone, 6 Months Warranty on Accessories",897.0,4.2,,Lava
125,Infinix Hot 9 ,MediaTek Helio P22 (64 bit) Processor,4 GB RAM | 64 GB ROM | Expandable Upto 256 GB,16.76 cm (6.6 inch) HD+ Display,13 MP + 2 MP + 2 MP + Low Light Sensor | 8MP Front Camera,5000 mAh Li-ion Polymer Battery,Dual Sim,"1 Year Warranty on Phone, 6 Months Warranty on Accessories",9499.0,4.4,Violet,Infinix
126,Vivo Y31 ,Qualcomm Snapdragon 662 Processor,6 GB RAM | 128 GB ROM | Expandable Upto 1 TB,16.71 cm (6.58 inch) Full HD+ Display,48MP + 2MP + 2MP | 16MP Front Camera,5000 mAh Li-ion Battery,Dual Sim,1 Year for Handset and 6 Months for In-box Accessories,16490.0,4.5,Ocean Blue,Vivo
127,Vivo Y31 ,Qualcomm Snapdragon 662 Processor,6 GB RAM | 128 GB ROM | Expandable Upto 1 TB,16.71 cm (6.58 inch) Full HD+ Display,48MP + 2MP + 2MP | 16MP Front Camera,5000 mAh Li-ion Battery,Dual Sim,1 Year for Handset and 6 Months for In-box Accessories,16490.0,4.5,Racing Black,Vivo
128,Micromax X741,1 Year Product and 6 Month Accessories	Manufacturer Warranty	Repair or Replacement	Manufacture Defect	Liquid or Damaged,32 MB RAM | 32 MB ROM,6.1 cm (2.4 inch) Display,0.3MP Rear Camera,1750 mAh Battery,Dual Sim,1 Year for Handset and 6 Months for In-box Accessories,1187.0,4.0,,Micromax
129,Micromax X741,1 Year Product and 6 Month Accessories	Manufacturer Warranty	Repair or Replacement	Manufacture Defect	Liquid or Damaged,32 MB RAM | 32 MB ROM,6.1 cm (2.4 inch) Display,0.3MP Rear Camera,1750 mAh Battery,Dual Sim,1 Year for Handset and 6 Months for In-box Accessories,1224.0,4.0,,Micromax
130,Karbonn KX3,1 Year Brand Warranty,32 MB RAM | 32 MB ROM | Expandable Upto 32 GB,4.57 cm (1.8 inch) Quarter QVGA Display,0.3MP Rear Camera,800 mAh Battery,Dual Sim,1 Year for Handset and 6 Months for In-box Accessories,785.0,3.9,,Karbonn
131,Realme X7 Pro ,MediaTek Dimensity 1000 Plus Processor,8 GB RAM | 128 GB ROM,16.64 cm (6.55 inch) Full HD+ Display,64MP + 8MP + 2MP + 2MP | 32MP Front Camera,4500 mAh Battery,Dual Sim,120 Hz sAmoled Display|65W SuperDart Charging,29999.0,4.6,Mystic Black,Realme
132,Realme X7 Pro ,MediaTek Dimensity 1000 Plus Processor,8 GB RAM | 128 GB ROM,16.64 cm (6.55 inch) Full HD+ Display,64MP + 8MP + 2MP + 2MP | 32MP Front Camera,4500 mAh Battery,Dual Sim,120 Hz sAmoled Display|65W SuperDart Charging,29999.0,4.6,Fantasy,Realme
133,Infinix Note 7 ,MediaTek Helio G70 Processor,4 GB RAM | 64 GB ROM | Expandable Upto 256 GB,17.65 cm (6.95 inch) HD+ Display,48MP + 2MP + 2MP + AI Lens Camera | 16MP Front Camera,5000 mAh Li-ion Polymer Battery,Dual Sim,1 Year on Handset and 6 Months on Accessories,10999.0,4.3,Aether Black,Infinix
134,Infinix Note 7 ,MediaTek Helio G70 Processor,4 GB RAM | 64 GB ROM | Expandable Upto 256 GB,17.65 cm (6.95 inch) HD+ Display,48MP + 2MP + 2MP + AI Lens Camera | 16MP Front Camera,5000 mAh Li-ion Polymer Battery,Dual Sim,1 Year on Handset and 6 Months on Accessories,10999.0,4.3,Forest Green,Infinix
135,POCO M2 Pro ,Qualcomm Snapdragon 720G Processor,6 GB RAM | 128 GB ROM | Expandable Upto 512 GB,16.94 cm (6.67 inch) Full HD+ Display,48MP + 8MP + 5MP + 2MP | 16MP Front Camera,5000 mAh Lithium-ion Polymer Battery,Dual Sim,"1 Year for Handset, 6 Months for Accessories",15999.0,4.4,Green and Greener,POCO
136,Vivo Y20 ,Qualcomm Snapdragon 460 Processor,6 GB RAM | 64 GB ROM | Expandable Upto 256 GB,16.54 cm (6.51 inch) HD+ Display,13MP + 2MP + 2MP | 8MP Front Camera,5000 mAh Lithium-ion Battery,Dual Sim,1 Year for Device and 6 Months for In-box Accessories,13990.0,4.4,Purist Blue,Vivo
137,Vivo Y20 ,Qualcomm Snapdragon 460 Processor,4 GB RAM | 64 GB ROM | Expandable Upto 256 GB,16.54 cm (6.51 inch) HD+ Display,13MP + 2MP + 2MP | 8MP Front Camera,5000 mAh Lithium-ion Battery,Dual Sim,1 Year for Device and 6 Months for In-box Accessories,12990.0,4.4,Purist Blue,Vivo
138,Gionee Max ,Octa Core Processor,2 GB RAM | 32 GB ROM | Expandable Upto 256 GB,15.49 cm (6.1 inch) HD+ Display,13MP + Digital Camera | 5MP Front Camera,5000 mAh Lithium-ion Polymer Battery,Dual Sim,"One Year for Handset, 6 Months for Accessories",5999.0,4.1,Black,Gionee
139,Realme C15 ,Mediatek Helio G35 Processor,4 GB RAM | 64 GB ROM | Expandable Upto 256 GB,16.56 cm (6.52 inch) HD+ Display,13MP + 8MP + 2MP + 2MP | 8MP Front Camera,6000 mAh Lithium-ion Battery,Dual Sim,Brand Warranty of 1 Year Available for Mobile and 6 Months for Accessories,10999.0,4.4,Power Silver,Realme
140,Realme C15 ,Mediatek Helio G35 Processor,4 GB RAM | 64 GB ROM | Expandable Upto 256 GB,16.56 cm (6.52 inch) HD+ Display,13MP + 8MP + 2MP + 2MP | 8MP Front Camera,6000 mAh Lithium-ion Battery,Dual Sim,Brand Warranty of 1 Year Available for Mobile and 6 Months for Accessories,10999.0,4.4,Power Blue,Realme
141,POCO X3 ,Qualcomm Snapdragon 732G Processor,8 GB RAM | 128 GB ROM | Expandable Upto 512 GB,16.94 cm (6.67 inch) Full HD+ Display,64MP + 13MP + 2MP + 2MP | 20MP Front Camera,6000 mAh Lithium-ion Polymer Battery,Dual Sim,1 Year for Handset and 6 Months for Accessories,19999.0,4.3,Shadow Gray,POCO
142,Vivo Y30 ,MediaTek Helio P35 Processor,6 GB RAM | 128 GB ROM | Expandable Upto 256 GB,16.43 cm (6.47 inch) HD+ Display,13MP + 8MP + 2MP + 2MP | 8MP Front Camera,5000 mAh Li-ion Battery,Dual Sim,1 Year for Device and 6 Months for In-box Accessories,14990.0,4.3,Emerald Black,Vivo
143,Realme Narzo 20 Pro ,MediaTek Helio G95 Processor,8 GB RAM | 128 GB ROM | Expandable Upto 256 GB,16.51 cm (6.5 inch) Full HD+ Display,48MP + 8MP + 2MP + 2MP | 16MP Front Camera,4500 mAh Lithium-ion Battery,Dual Sim,65W Super Dart Charger,16999.0,4.3,Black Ninja,Realme
144,Tecno Spark 6 Go ,MediaTek Helio A25 Processor,4 GB RAM | 64 GB ROM | Expandable Upto 512 GB,16.56 cm (6.52 inch) HD+ Display,13MP + AI Lens Dual AI Camera | 8MP Front Camera,5000 mAh Li-ion Battery,Dual Sim,"12 Months, 1 Time Screen Replacement for 100 Days",8699.0,4.3,Aqua Blue,Tecno
145,Vivo Y51A ,Qualcomm Snapdragon 662 Processor,8 GB RAM | 128 GB ROM | Expandable Upto 1 TB,16.71 cm (6.58 inch) Full HD+ Display,48MP + 8MP + 2MP | 16MP Front Camera,5000 mAh Li-ion Battery,Dual Sim,1 Year for Handset and 6 Months for In-box Accessories,17990.0,4.4,Titanium Sapphire,Vivo
146,POCO X3 ,Qualcomm Snapdragon 732G Processor,8 GB RAM | 128 GB ROM | Expandable Upto 512 GB,16.94 cm (6.67 inch) Full HD+ Display,64MP + 13MP + 2MP + 2MP | 20MP Front Camera,6000 mAh Lithium-ion Polymer Battery,Dual Sim,1 Year for Handset and 6 Months for Accessories,19999.0,4.3,Shadow Gray,POCO
147,BlackZone ECO X,Brand Warranty of 1 Year Available for Mobile,32 MB RAM | 32 MB ROM,4.5 cm (1.77 inch) Display,0.3MP Rear Camera,1000 mAh Battery,Dual Sim,1 Year for Handset and 6 Months for Accessories,1300.0,4.0,,BlackZone
148,BlackZone ECO X,Brand Warranty of 1 Year Available for Mobile,32 MB RAM | 32 MB ROM,4.5 cm (1.77 inch) Display,0.3MP Rear Camera,1000 mAh Battery,Dual Sim,1 Year for Handset and 6 Months for Accessories,1300.0,4.0,,BlackZone
149,Mi 10i ,Qualcomm® Snapdragon™ 750G Processor,6 GB RAM | 128 GB ROM,16.94 cm (6.67 inch) Full HD+ Display,108MP + 8MP + 2MP + 2MP | 16MP Front Camera,4820 mAh Battery,Dual Sim,1 year manufacturer warranty for device and 6 months manufacturer warranty for in-box accessories including batteries from the date of purchase,23664.0,4.4,Midnight Black,Mi
150,Infinix Note 7 ,MediaTek Helio G70 Processor,4 GB RAM | 64 GB ROM | Expandable Upto 256 GB,17.65 cm (6.95 inch) HD+ Display,48MP + 2MP + 2MP + AI Lens Camera | 16MP Front Camera,5000 mAh Li-ion Polymer Battery,Dual Sim,1 Year on Handset and 6 Months on Accessories,10999.0,4.3,Forest Green,Infinix
151,Infinix Note 7 ,MediaTek Helio G70 Processor,4 GB RAM | 64 GB ROM | Expandable Upto 256 GB,17.65 cm (6.95 inch) HD+ Display,48MP + 2MP + 2MP + AI Lens Camera | 16MP Front Camera,5000 mAh Li-ion Polymer Battery,Dual Sim,1 Year on Handset and 6 Months on Accessories,10999.0,4.3,Aether Black,Infinix
152,Vivo Y20i ,Qualcomm Snapdragon 460 Processor,3 GB RAM | 64 GB ROM | Expandable Upto 256 GB,16.54 cm (6.51 inch) HD+ Display,13MP + 2MP + 2MP | 8MP Front Camera,5000 mAh Lithium-ion Battery,Dual Sim,1 Year for Device and 6 Months for In-box Accessories,11490.0,4.4,Nebula Blue,Vivo
153,Kechaoda K112,1 Year Manufacturer Warranty,32 MB RAM | 64 MB ROM | Expandable Upto 32 GB,6.1 cm (2.4 inch) QVGA Display,0.3MP Rear Camera,3600 mAh Battery,Triple Sim,1 Year for Device and 6 Months for In-box Accessories,1330.0,4.0,,Kechaoda
154,Apple iPhone 11 ,Brand Warranty of 1 Year,64 GB ROM,15.49 cm (6.1 inch) Liquid Retina HD Display,12MP + 12MP | 12MP Front Camera,A13 Bionic Chip Processor,Dual Sim,1 Year for Device and 6 Months for In-box Accessories,49999.0,4.6,Purple,Apple
155,Apple iPhone XR ,iOS 13 Compatible,64 GB ROM,15.49 cm (6.1 inch) Display,12MP Rear Camera | 7MP Front Camera,A12 Bionic Chip Processor,Dual Sim,Brand Warranty of 1 Year,41999.0,4.6,(PRODUCT)RED,Apple
156,Redmi 9 ,MediaTek Helio G35 Processor,4 GB RAM | 128 GB ROM,16.59 cm (6.53 inch) HD+ Display,13MP + 8MP | 8MP Front Camera,5000 mAh Battery,Dual Sim,1 year manufacturer warranty for device and 6 months manufacturer warranty for in-box accessories including batteries from the date of purchase,10370.0,4.2,Sky Blue,Redmi
157,Apple iPhone SE ,"Water and Dust Resistant (1 meter for Upto 30 minutes, IP67)",128 GB ROM,11.94 cm (4.7 inch) Retina HD Display,12MP Rear Camera | 7MP Front Camera,A13 Bionic Chip with 3rd Gen Neural Engine Processor,Dual Sim,Fast Charge Capable,39999.0,4.5,Red,Apple
158,Nokia TA-1174 / TA-1299,"Water and Dust Resistant (1 meter for Upto 30 minutes, IP67)",4 MB RAM | 4 MB ROM,4.57 cm (1.8 inch) Display,800 mAh Battery,1 Year Manufacturer Warranty,Dual Sim,Fast Charge Capable,1372.0,4.2,,Nokia
159,Realme C15 ,Mediatek Helio G35 Processor,3 GB RAM | 32 GB ROM | Expandable Upto 256 GB,16.56 cm (6.52 inch) HD+ Display,13MP + 8MP + 2MP + 2MP | 8MP Front Camera,6000 mAh Lithium-ion Battery,Dual Sim,Brand Warranty of 1 Year Available for Mobile and 6 Months for Accessories,9999.0,4.3,Power Silver,Realme
160,Realme C15 ,Mediatek Helio G35 Processor,3 GB RAM | 32 GB ROM | Expandable Upto 256 GB,16.56 cm (6.52 inch) HD+ Display,13MP + 8MP + 2MP + 2MP | 8MP Front Camera,6000 mAh Lithium-ion Battery,Dual Sim,Brand Warranty of 1 Year Available for Mobile and 6 Months for Accessories,9999.0,4.3,Power Blue,Realme
161,Apple iPhone 11 ,Brand Warranty of 1 Year,64 GB ROM,15.49 cm (6.1 inch) Liquid Retina HD Display,12MP + 12MP | 12MP Front Camera,A13 Bionic Chip Processor,Dual Sim,Brand Warranty of 1 Year Available for Mobile and 6 Months for Accessories,49999.0,4.6,Black,Apple
162,Micromax X741,1 Year Product and 6 Month Accessories	Manufacturer Warranty	Repair or Replacement	Manufacture Defect	Liquid or Damaged,32 MB RAM | 32 MB ROM,6.1 cm (2.4 inch) Display,0.3MP Rear Camera,1750 mAh Battery,Dual Sim,Brand Warranty of 1 Year Available for Mobile and 6 Months for Accessories,1188.0,4.0,,Micromax
163,OPPO A52 ,Qualcomm Snapdragon 665 Processor,6 GB RAM | 128 GB ROM | Expandable Upto 256 GB,16.51 cm (6.5 inch) Full HD+ Display,12MP + 8MP + 2MP + 2MP | 16MP Front Camera,5000 mAh Lithium Polymer Battery,Dual Sim,Brand Warranty of 1 Year Available for Mobile Including Battery and 6 Months for Accessories,16990.0,4.3,Stream White,OPPO
164,Vivo S1 Pro ,Qualcomm Snapdragon 665 Processor,8 GB RAM | 128 GB ROM | Expandable Upto 256 GB,16.21 cm (6.38 inch) Full HD+ Display,48MP + 8MP + 2MP + 2MP | 32MP Front Camera,4500 mAh Lithium Polymer Battery,Dual Sim,Brand Warranty of 1 Year Available for Mobile and 6 Months for Accessories,18990.0,4.4,Mystic Black,Vivo
165,Vivo Y51A ,Qualcomm Snapdragon 662 Processor,8 GB RAM | 128 GB ROM | Expandable Upto 1 TB,16.71 cm (6.58 inch) Full HD+ Display,48MP + 8MP + 2MP | 16MP Front Camera,5000 mAh Li-ion Battery,Dual Sim,1 Year for Handset and 6 Months for In-box Accessories,17990.0,4.4,Crystal Symphony,Vivo
166,Samsung Guru 1200,1 Year for Mobile & 6 Months for Accessories,NA ROM,3.81 cm (1.5 inch) NA Display,800 mAh Battery,0 0 0 0 Processor Processor,Single Sim,1 Year for Handset and 6 Months for In-box Accessories,1357.0,4.3,,Samsung
167,Vivo Y30 ,MediaTek Helio P35 Processor,4 GB RAM | 128 GB ROM | Expandable Upto 256 GB,16.43 cm (6.47 inch) HD+ Display,13MP + 8MP + 2MP + 2MP | 8MP Front Camera,5000 mAh Lithium-ion Battery,Dual Sim,1 Year for Device and 6 Months for In-box Accessories,13990.0,4.3,Dazzle Blue,Vivo
168,Vivo Y30 ,MediaTek Helio P35 Processor,6 GB RAM | 128 GB ROM | Expandable Upto 256 GB,16.43 cm (6.47 inch) HD+ Display,13MP + 8MP + 2MP + 2MP | 8MP Front Camera,5000 mAh Li-ion Battery,Dual Sim,1 Year for Device and 6 Months for In-box Accessories,14990.0,4.3,Dazzle Blue,Vivo
169,Nokia 105 SS 2020,MediaTek Helio P35 Processor,4 MB RAM | 4 MB ROM,4.5 cm (1.77 inch) Quarter QVGA Display,800 mAh Lithium Ion Battery,Brand Warranty of 1 Year Available for Mobile,Single Sim,1 Year for Device and 6 Months for In-box Accessories,1168.0,4.3,,Nokia
170,Micromax X817,1 YEAR WARRANTY,32 MB RAM | 32 MB ROM,7.11 cm (2.8 inch) Display,0.3MP Rear Camera,1750 mAh Battery,Single Sim,1 Year for Device and 6 Months for In-box Accessories,1473.0,4.0,,Micromax
171,Vivo V20 2021 ,Qualcomm Snapdragon 730 Processor,8 GB RAM | 128 GB ROM | Expandable Upto 1 TB,16.36 cm (6.44 inch) Full HD+ Display,64MP + 8MP + 2MP | 44MP Front Camera,4000 mAh Lithium-ion Battery,Dual Sim,1 Year for Handset and 6 Months for In-box Accessories,24990.0,4.4,Midnight Jazz,Vivo
172,Micromax X817,1 YEAR WARRANTY,32 MB RAM | 32 MB ROM,7.11 cm (2.8 inch) Display,0.3MP Rear Camera,1750 mAh Battery,Dual Sim,1 Year for Handset and 6 Months for In-box Accessories,1461.0,4.0,,Micromax
173,Apple iPhone XR ,iOS 13 Compatible,64 GB ROM,15.49 cm (6.1 inch) Display,12MP Rear Camera | 7MP Front Camera,A12 Bionic Chip Processor,Dual Sim,Brand Warranty of 1 Year,41999.0,4.6,Blue,Apple
174,Vivo V20 2021 ,Qualcomm Snapdragon 730 Processor,8 GB RAM | 128 GB ROM | Expandable Upto 1 TB,16.36 cm (6.44 inch) Full HD+ Display,64MP + 8MP + 2MP | 44MP Front Camera,4000 mAh Lithium-ion Battery,Dual Sim,1 Year for Handset and 6 Months for In-box Accessories,24990.0,4.4,Sunset Melody,Vivo
175,Realme 7 Pro ,Qualcomm Snapdragon 720G Processor,8 GB RAM | 128 GB ROM | Expandable Upto 256 GB,16.26 cm (6.4 inch) Full HD+ Display,64MP + 8MP + 2MP + 2MP | 32MP Front Camera,4500 mAh Lithium-ion Battery,Dual Sim,Super AMOLED Display,21999.0,4.4,Mirror Silver,Realme
176,POCO X2 ,Qualcomm Snapdragon 730G Processor,6 GB RAM | 64 GB ROM | Expandable Upto 512 GB,16.94 cm (6.67 inch) Full HD+ Display,64MP + 8MP + 2MP + 2MP | 20MP + 2MP Dual Front Camera,4500 mAh Lithium-ion Polymer Battery,Dual Sim,Brand Warranty of 1 Year Available for Mobile and 6 Months for Accessories,14999.0,4.5,Atlantis Blue,POCO
177,Vivo Y51 ,Qualcomm Snapdragon 665 Processor,8 GB RAM | 128 GB ROM | Expandable Upto 1 TB,16.71 cm (6.58 inch) Full HD+ Display,48MP + 8MP + 2MP | 16MP Front Camera,5000 mAh Lithium-ion Battery,Dual Sim,1 Year for Device and 6 Months for In-box Accessories,17990.0,4.4,Titanium Sapphire,Vivo
178,Redmi 9 Power ,Qualcomm Snapdragon 662 Processor,4 GB RAM | 64 GB ROM,16.59 cm (6.53 inch) Full HD+ Display,48MP Rear Camera | 8MP Front Camera,6000 mAh Battery,Dual Sim,1 year manufacturer warranty for device and 6 months manufacturer warranty for in-box accessories including batteries from the date of purchase,11418.0,4.2,Electric Green,Redmi
179,Vivo Y51 ,Qualcomm Snapdragon 665 Processor,8 GB RAM | 128 GB ROM | Expandable Upto 1 TB,16.71 cm (6.58 inch) Full HD+ Display,48MP + 8MP + 2MP | 16MP Front Camera,5000 mAh Lithium-ion Battery,Dual Sim,1 Year for Device and 6 Months for In-box Accessories,17990.0,4.4,Crystal Symphony,Vivo
180,Apple iPhone 11 ,Brand Warranty of 1 Year,128 GB ROM,15.49 cm (6.1 inch) Liquid Retina HD Display,12MP + 12MP | 12MP Front Camera,A13 Bionic Chip Processor,Dual Sim,1 Year for Device and 6 Months for In-box Accessories,55999.0,4.6,White,Apple
181,Vivo Y20i ,Qualcomm Snapdragon 460 Processor,3 GB RAM | 64 GB ROM | Expandable Upto 256 GB,16.54 cm (6.51 inch) HD+ Display,13MP + 2MP + 2MP | 8MP Front Camera,5000 mAh Lithium-ion Battery,Dual Sim,1 Year for Device and 6 Months for In-box Accessories,11490.0,4.4,Dawn White,Vivo
182,Samsung Guru Music 2,Qualcomm Snapdragon 460 Processor,NA ROM,5.08 cm (2 inch) QVGA Display,800 mAh Battery,1 Year Manufacturer Warranty,Dual Sim,1 Year for Device and 6 Months for In-box Accessories,1710.0,4.3,,Samsung
183,Micromax X378,1 Year Warranty,32 MB RAM | 32 MB ROM,4.5 cm (1.77 inch) Display,1MP Rear Camera,800 mAh Battery,Dual Sim,1 Year for Device and 6 Months for In-box Accessories,843.0,4.0,,Micromax
184,Micromax X378,1 Year Warranty,32 MB RAM | 32 MB ROM,4.5 cm (1.77 inch) Display,1MP Rear Camera,800 mAh Battery,Dual Sim,1 Year for Device and 6 Months for In-box Accessories,816.0,4.0,,Micromax
185,Nokia 150 DS 2020,MediaTek Processor,4 MB RAM | 4 MB ROM | Expandable Upto 32 GB,6.1 cm (2.4 inch) Display,0.3MP Rear Camera,1020 mAh Lithium-ion Battery,Dual Sim,1 Year Manufacturer Warranty for Device and 6 Months Manufacturer Warranty for In-box Accessories Including Batteries from the Date of Purchase,2299.0,4.1,,Nokia
186,Realme 7 Pro ,Qualcomm Snapdragon 720G Processor,6 GB RAM | 128 GB ROM | Expandable Upto 256 GB,16.26 cm (6.4 inch) Full HD+ Display,64MP + 8MP + 2MP + 2MP | 32MP Front Camera,4500 mAh Lithium-ion Battery,Dual Sim,Super AMOLED Display,19999.0,4.4,Mirror Silver,Realme
187,Tecno Spark Go 2020 ,MediaTek Helio A20 Quad Core Processor,2 GB RAM | 32 GB ROM | Expandable Upto 256 GB,16.56 cm (6.52 inch) HD+ Display,13MP + AI Lens Dual Camera | 8MP Front Camera,5000 mAh Lithium-ion Battery,Dual Sim,12 Months Warranty + 1 Month Extended Warranty,6999.0,4.4,Aqua Blue,Tecno
188,Lava A1,1 Year Replacement Guarantee for Phone and 6 Months Replacement Guarantee for Accessories in Box (T&C apply),4 MB RAM | 24 MB ROM | Expandable Upto 32 GB,4.5 cm (1.77 inch) Display,0.3MP Rear Camera,800 mAh Battery,Dual Sim,12 Months Warranty + 1 Month Extended Warranty,931.0,4.2,,Lava
189,Lava A1,1 Year Replacement Guarantee for Phone and 6 Months Replacement Guarantee for Accessories in Box (T&C apply),4 MB RAM | 24 MB ROM | Expandable Upto 32 GB,4.5 cm (1.77 inch) Display,0.3MP Rear Camera,800 mAh Battery,Dual Sim,12 Months Warranty + 1 Month Extended Warranty,931.0,4.2,,Lava
190,Lava A1,1 year replacement guarantee for phone & 6 months replacement guarantee for accessories in box (T&C apply),24 MB RAM | 24 MB ROM | Expandable Upto 32 GB,4.5 cm (1.77 inch) Quarter QVGA Display,0.3MP Rear Camera,800 mAh Battery,Dual Sim,12 Months Warranty + 1 Month Extended Warranty,931.0,4.2,,Lava
191,Redmi 9 Power ,Qualcomm Snapdragon 662 Processor,4 GB RAM | 64 GB ROM,16.59 cm (6.53 inch) Full HD+ Display,48MP Rear Camera | 8MP Front Camera,6000 mAh Battery,Dual Sim,1 year manufacturer warranty for device and 6 months manufacturer warranty for in-box accessories including batteries from the date of purchase,11340.0,4.2,Blazing Blue,Redmi
192,Lava A1,1 Year Replacement Guarantee for Phone and 6 Months Replacement Guarantee for Accessories in Box (T&C apply),4 MB RAM | 24 MB ROM | Expandable Upto 32 GB,4.5 cm (1.77 inch) Display,0.3MP Rear Camera,800 mAh Battery,Dual Sim,1 year manufacturer warranty for device and 6 months manufacturer warranty for in-box accessories including batteries from the date of purchase,931.0,4.2,,Lava
193,Tecno POVA ,MediaTek Helio G80 Processor,4 GB RAM | 64 GB ROM | Expandable Upto 256 GB,17.27 cm (6.8 inch) HD+ Display,16MP + 2MP + 2MP + AI Lens Quad Camera | 8MP Front Camera,6000 mAh Li-ion Polymer Battery,Dual Sim,12+1 Months Warranty,10499.0,4.4,Magic Blue,Tecno
194,Redmi Note 8 ,Qualcomm Snapdragon 665 Processor,4 GB RAM | 64 GB ROM | Expandable Upto 512 GB,16.0 cm (6.3 inch) Full HD+ Display,48MP + 8MP + 2MP + 2MP | 13MP Front Camera,4000 mAh Lithium Polymer Battery,Dual Sim,1 Year Manufacturer Warranty for Device and 6 Months Manufacturer Warranty for Inbox Accessories Including Batteries from the Date of Purchase,12999.0,4.4,Moonlight White,Redmi
195,Redmi 8A ,Qualcomm Snapdragon 439 Processor,3 GB RAM | 32 GB ROM | Expandable Upto 512 GB,15.8 cm (6.22 inch) HD+ Display,12MP Rear Camera | 8MP Front Camera,5000 mAh Battery,Dual Sim,Brand Warranty of 1 Year Available for Mobile and 6 Months for Accessories,8190.0,4.3,Ocean Blue,Redmi
196,Micromax X744,1 Year Warranty,32 MB RAM | 32 MB ROM,6.1 cm (2.4 inch) Display,0.3MP Rear Camera,2200 mAh Battery,Dual Sim,Brand Warranty of 1 Year Available for Mobile and 6 Months for Accessories,1208.0,3.9,,Micromax
197,Samsung GALAXY M51 ,ONE YEAR COMPANY WARRANTY,6 GB RAM | 128 GB ROM,17.02 cm (6.7 inch) Display,64MP Rear Camera,7000 mAh Battery,Dual Sim,Brand Warranty of 1 Year Available for Mobile and 6 Months for Accessories,23130.0,4.4,Celestial Black,Samsung
198,OPPO A33 ,Qualcomm Snapdragon 460 Processor,3 GB RAM | 32 GB ROM | Expandable Upto 256 GB,16.51 cm (6.5 inch) HD+ Display,13MP + 2MP + 2MP | 8MP Front Camera,5000 mAh Lithium-ion Polymer Battery,Dual Sim,90 Hz Punch Hole Display,10990.0,4.2,Mint Cream,OPPO
199,POCO X3 ,Qualcomm Snapdragon 732G Processor,6 GB RAM | 64 GB ROM | Expandable Upto 512 GB,16.94 cm (6.67 inch) Full HD+ Display,64MP + 13MP + 2MP + 2MP | 20MP Front Camera,6000 mAh Lithium-ion Polymer Battery,Dual Sim,1 Year for Handset and 6 Months for Accessories,16999.0,4.4,Shadow Gray,POCO
200,Redmi Note 9 Pro ,Qualcomm® Snapdragon™ 720G Processor,6 GB RAM | 128 GB ROM | Expandable Upto 512 GB,16.94 cm (6.67 inch) Full HD+ Display,48MP + 8MP + 5MP + 2MP | 16MP Front Camera,5020 mAh Battery,Dual Sim,1 year manufacturer warranty for device and 6 months manufacturer warranty for in-box accessories,17599.0,4.3,Interstellar Black,Redmi
201,Redmi Note 9 Pro ,Qualcomm® Snapdragon™ 720G Processor,6 GB RAM | 128 GB ROM | Expandable Upto 512 GB,16.94 cm (6.67 inch) Full HD+ Display,48MP + 8MP + 5MP + 2MP | 16MP Front Camera,5020 mAh Battery,Dual Sim,1 year manufacturer warranty for device and 6 months manufacturer warranty for in-box accessories,18299.0,4.3,Aurora Blue,Redmi
202,Itel Vision1 ,Unisoc SC9863A Octa Core Processor,3 GB RAM | 32 GB ROM | Expandable Upto 128 GB,15.46 cm (6.088 inch) HD+ Display,8MP + 0.3MP | 5MP Front Camera,4000 mAh Lithium-ion Polymer Battery,Dual Sim,1 Year on Handset with 100 Days Replacement,6699.0,4.1,Gradation Green,Itel
203,Realme 6 ,MediaTek Helio G90T Processor,6 GB RAM | 64 GB ROM | Expandable Upto 256 GB,16.51 cm (6.5 inch) Full HD+ Display,64MP + 8MP + 2MP + 2MP | 16MP Front Camera,4300 mAh Battery,Dual Sim,90 Hz Ultra Smooth Display,14999.0,4.4,Comet Blue,Realme
204,Realme 6 ,MediaTek Helio G90T Processor,6 GB RAM | 64 GB ROM | Expandable Upto 256 GB,16.51 cm (6.5 inch) Full HD+ Display,64MP + 8MP + 2MP + 2MP | 16MP Front Camera,4300 mAh Battery,Dual Sim,90 Hz Ultra Smooth Display,14999.0,4.4,Comet White,Realme
205,Apple iPhone XR ,iOS 13 Compatible,64 GB ROM,15.49 cm (6.1 inch) Display,12MP Rear Camera | 7MP Front Camera,A12 Bionic Chip Processor,Dual Sim,Brand Warranty of 1 Year,41999.0,4.6,Coral,Apple
206,Vivo V20 SE ,Qualcomm Snapdragon 665 Processor,8 GB RAM | 128 GB ROM | Expandable Upto 1 TB,16.36 cm (6.44 inch) Full HD+ Display,48MP + 8MP + 2MP | 32MP Front Camera,4100 mAh Lithium-ion Battery,Dual Sim,Amoled Display,20990.0,4.3,Aquamarine Green,Vivo
207,Vivo V20 SE ,Qualcomm Snapdragon 665 Processor,8 GB RAM | 128 GB ROM | Expandable Upto 1 TB,16.36 cm (6.44 inch) Full HD+ Display,48MP + 8MP + 2MP | 32MP Front Camera,4100 mAh Lithium-ion Battery,Dual Sim,Amoled Display,20990.0,4.3,Gravity Black,Vivo
208,Apple iPhone 11 ,Brand Warranty of 1 Year,64 GB ROM,15.49 cm (6.1 inch) Liquid Retina HD Display,12MP + 12MP | 12MP Front Camera,A13 Bionic Chip Processor,Dual Sim,Amoled Display,49999.0,4.6,Green,Apple
209,Kechaoda K112,1 Year Manufacturer Warranty,32 MB RAM | 64 MB ROM | Expandable Upto 32 GB,6.1 cm (2.4 inch) QVGA Display,0.3MP Rear Camera,3600 mAh Battery,Triple Sim,Amoled Display,1315.0,4.0,,Kechaoda
210,Snexian Rock,1 Year Brand Warranty,32 MB RAM | 32 MB ROM,4.32 cm (1.7 inch) Display,0.3MP Rear Camera,800 mAh Battery,Dual Sim,Amoled Display,1299.0,4.0,,Snexian
211,Gfive A2,Domestic warranty,32 MB RAM | 32 MB ROM,4.57 cm (1.8 inch) Display,1.3MP Rear Camera,1000 mAh Battery,Dual Sim,Amoled Display,659.0,3.8,,Gfive
212,Apple iPhone XR ,iOS 13 Compatible,128 GB ROM,15.49 cm (6.1 inch) Display,12MP Rear Camera | 7MP Front Camera,A12 Bionic Chip Processor,Dual Sim,Brand Warranty of 1 Year,46999.0,4.6,Black,Apple
213,Redmi 9 ,MediaTek Helio G35 Processor,4 GB RAM | 64 GB ROM,16.59 cm (6.53 inch) HD+ Display,13MP + 2MP | 5MP Front Camera,5000 mAh Battery,Dual Sim,1 year manufacturer warranty for device and 6 months manufacturer warranty for in-box accessories including batteries from the date of purchase,9488.0,4.2,Sky Blue,Redmi
214,Redmi 9 Prime ,MediaTek Helio G80 Processor,4 GB RAM | 128 GB ROM | Expandable Upto 512 GB,16.59 cm (6.53 inch) Full HD+ Display,13MP Rear Camera | 8MP Front Camera,5020 mAh Battery,Dual Sim,1 Year Manufacturer Warranty,11995.0,4.4,Matte Black,Redmi
215,OPPO A53 ,Qualcomm Snapdragon 460 Processor,4 GB RAM | 64 GB ROM | Expandable Upto 256 GB,16.51 cm (6.5 inch) HD+ Display,13MP + 2MP + 2MP | 16MP Front Camera,5000 mAh Lithium-ion Polymer Battery,Dual Sim,Brand Warranty of 1 Year Available for Mobile Including Battery and 6 Months for Accessories,12990.0,4.4,Fancy Blue,OPPO
216,OPPO F17 ,Qualcomm Snapdragon 662 Processor,8 GB RAM | 128 GB ROM,16.36 cm (6.44 inch) Full HD+ Display,16MP + 8MP + 2MP + 2MP | 16MP Front Camera,4015 mAh Lithium Polymer Battery,Dual Sim,Brand Warranty of 1 Year Available for Mobile Including Battery and 6 Months for Accessories,17990.0,4.3,Navy Blue,OPPO
217,Kechaoda K115,6 Months,32 MB RAM | 32 MB ROM,3.66 cm (1.44 inch) QVGA Display,0.3MP Rear Camera,850 mAh Battery,Dual Sim,Brand Warranty of 1 Year Available for Mobile Including Battery and 6 Months for Accessories,923.0,4.1,,Kechaoda
218,Apple iPhone XR ,iOS 13 Compatible,128 GB ROM,15.49 cm (6.1 inch) Display,12MP Rear Camera | 7MP Front Camera,A12 Bionic Chip Processor,Dual Sim,Brand Warranty of 1 Year,46999.0,4.6,White,Apple
219,Nokia 5310,MT6260A Processor,8 MB RAM | 16 MB ROM | Expandable Upto 32 GB,6.1 cm (2.4 inch) Display,0.3MP Rear Camera,1200 mAh Lithium-ion Battery,Dual Sim,1 Year Manufacturer Warranty for Device and 6 Months Manufacturer Warranty for In-box Accessories Including Batteries from the Date of Purchase,3311.0,4.2,,Nokia
220,Lava A1 Josh,MT6260A Processor,4 MB RAM | 1 KB ROM,4.57 cm (1.8 inch) QVGA Display,800 mAh Battery,1 Year replacement gurantee for phone and 6 months warranty for accessories in the box,Dual Sim,1 Year Manufacturer Warranty for Device and 6 Months Manufacturer Warranty for In-box Accessories Including Batteries from the Date of Purchase,949.0,4.2,,Lava
221,Gfive U873,1 Year,32 MB RAM | 32 MB ROM,4.57 cm (1.8 inch) Display,0.3MP Rear Camera,1000 mAh Battery,Dual Sim,1 Year Manufacturer Warranty for Device and 6 Months Manufacturer Warranty for In-box Accessories Including Batteries from the Date of Purchase,659.0,3.7,,Gfive
222,Apple iPhone XR ,iOS 13 Compatible,128 GB ROM,15.49 cm (6.1 inch) Display,12MP Rear Camera | 7MP Front Camera,A12 Bionic Chip Processor,Dual Sim,Brand Warranty of 1 Year,46999.0,4.6,(PRODUCT)RED,Apple
223,Lava Flip,MTK6261D Processor,32 MB RAM | 32 MB ROM | Expandable Upto 32 GB,6.1 cm (2.4 inch) QVGA Display,0.08MP Rear Camera,1200 mAh Lithium-ion Battery,Dual Sim,1 Year Manufacturer Replacement Guarantee for Phone and 6 Months Replacement for Accessories in the Box,1709.0,4.3,,Lava
224,Micromax X746,1 Year Warranty,32 MB RAM | 32 MB ROM,6.1 cm (2.4 inch) Display,0.3MP Rear Camera,3000 mAh Battery,Dual Sim,1 Year Manufacturer Replacement Guarantee for Phone and 6 Months Replacement for Accessories in the Box,1328.0,4.0,,Micromax
225,Samsung Galaxy M21 , Exynos 9611-Octa Core processor Processor,4 GB RAM | 64 GB ROM | Expandable Upto 512 GB,16.26 cm (6.4 inch) Full HD+ Display,48MP + 8MP + 5MP | 20MP Front Camera,6000 mAh Battery,Dual Sim,1 year manufacturer warranty for device and 6 months manufacturer warranty for in-box accessories including batteries from the date of purchase,13990.0,4.3,Raven Black,Samsung
226,Vivo S1 Pro ,Qualcomm Snapdragon 665 Processor,8 GB RAM | 128 GB ROM | Expandable Upto 256 GB,16.21 cm (6.38 inch) Full HD+ Display,48MP + 8MP + 2MP + 2MP | 32MP Front Camera,4500 mAh Lithium Polymer Battery,Dual Sim,Brand Warranty of 1 Year Available for Mobile and 6 Months for Accessories,18990.0,4.4,Dreamy White,Vivo
227,Vivo Y11 ,SDM439 Processor,3 GB RAM | 32 GB ROM,16.13 cm (6.35 inch) HD+ Display,13MP + 2MP | 8MP Front Camera,5000 mAh Battery,Dual Sim,Brand Warranty of 1 Year Available for Mobile and 6 Months for Accessories,9490.0,4.3,Agate Red,Vivo
228,Karbonn K19 Rock,1 Year Manufacturer Warranty on Handset & 6 Months Warranty on Box Accessories,32 MB RAM | 32 MB ROM | Expandable Upto 16 GB,4.57 cm (1.8 inch) Display,0.3MP Rear Camera,1750 mAh Battery,Dual Sim,Brand Warranty of 1 Year Available for Mobile and 6 Months for Accessories,859.0,3.9,,Karbonn
229,Nokia 105 DS 2020,1 Year Manufacturer Warranty on Handset & 6 Months Warranty on Box Accessories,4 MB RAM | 4 MB ROM,4.57 cm (1.8 inch) Quarter QVGA Display,800 mAh3 Li-ion Battery,Brand Warranty of 1 Year Available for Mobile from Date of Purchase,Dual Sim,Brand Warranty of 1 Year Available for Mobile and 6 Months for Accessories,1317.0,4.2,,Nokia
230,OPPO A53 ,Qualcomm Snapdragon 460 Processor,4 GB RAM | 64 GB ROM | Expandable Upto 256 GB,16.51 cm (6.5 inch) HD+ Display,13MP + 2MP + 2MP | 16MP Front Camera,5000 mAh Lithium-ion Polymer Battery,Dual Sim,Brand Warranty of 1 Year Available for Mobile Including Battery and 6 Months for Accessories,12990.0,4.4,Electric Black,OPPO
231,OPPO A53 ,Qualcomm Snapdragon 460 Processor,6 GB RAM | 128 GB ROM | Expandable Upto 256 GB,16.51 cm (6.5 inch) HD+ Display,13MP + 2MP + 2MP | 16MP Front Camera,5000 mAh Lithium-ion Polymer Battery,Dual Sim,Brand Warranty of 1 Year Available for Mobile Including Battery and 6 Months for Accessories,15490.0,4.3,Electric Black,OPPO
232,OPPO Reno2 F ,MediaTek Helio P70 Processor,6 GB RAM | 256 GB ROM,16.51 cm (6.5 inch) Display,48MP + 8MP + 2MP + 2MP | 16MP Front Camera,4000 mAh Battery,Dual Sim,Ultra Night Mode 2.0,17990.0,4.4,Sky White,OPPO
233,Infinix Hot 9 ,MediaTek Helio P22 (64 bit) Processor,4 GB RAM | 64 GB ROM | Expandable Upto 256 GB,16.76 cm (6.6 inch) HD+ Display,13 MP + 2 MP + 2 MP + Low Light Sensor | 8MP Front Camera,5000 mAh Li-ion Polymer Battery,Dual Sim,"1 Year Warranty on Phone, 6 Months Warranty on Accessories",9499.0,4.4,Violet,Infinix
234,Vivo Y30 ,MediaTek Helio P35 Processor,6 GB RAM | 128 GB ROM | Expandable Upto 256 GB,16.43 cm (6.47 inch) HD+ Display,13MP + 8MP + 2MP + 2MP | 8MP Front Camera,5000 mAh Li-ion Battery,Dual Sim,1 Year for Device and 6 Months for In-box Accessories,14990.0,4.3,Emerald Black,Vivo
235,MarQ by Flipkart 110 Magic,Brand Warranty of 1 Year Available for Mobile,32 MB RAM | 32 MB ROM,6.1 cm (2.4 inch) Display,2MP Rear Camera,2500 mAh Battery,Dual Sim,1 Year for Device and 6 Months for In-box Accessories,969.0,4.0,,MarQ
236,Redmi 9i ,MediaTek Helio G25 Processor,4 GB RAM | 128 GB ROM | Expandable Upto 512 GB,16.59 cm (6.53 inch) HD+ Display,13MP Rear Camera | 5MP Front Camera,5000 mAh Lithium Polymer Battery,Dual Sim,Brand Warranty of 1 Year Available for Mobile and 6 Months for Accessories,9299.0,4.3,Sea Blue,Redmi
237,Vivo S1 Pro ,Qualcomm Snapdragon 665 Processor,8 GB RAM | 128 GB ROM | Expandable Upto 256 GB,16.21 cm (6.38 inch) Full HD+ Display,48MP + 8MP + 2MP + 2MP | 32MP Front Camera,4500 mAh Lithium Polymer Battery,Dual Sim,Brand Warranty of 1 Year Available for Mobile and 6 Months for Accessories,18990.0,4.4,Jazzy Blue,Vivo
238,Realme 7 Pro ,Qualcomm Snapdragon 720G Processor,8 GB RAM | 128 GB ROM | Expandable Upto 256 GB,16.26 cm (6.4 inch) Full HD+ Display,64MP + 8MP + 2MP + 2MP | 32MP Front Camera,4500 mAh Lithium-ion Battery,Dual Sim,Super AMOLED Display,21999.0,4.4,Sun Kissed Leather,Realme
239,POCO X2 ,Qualcomm Snapdragon 730G Processor,6 GB RAM | 128 GB ROM | Expandable Upto 512 GB,16.94 cm (6.67 inch) Full HD+ Display,64MP + 8MP + 2MP + 2MP | 20MP + 2MP Dual Front Camera,4500 mAh Lithium-ion Polymer Battery,Dual Sim,Brand Warranty of 1 Year Available for Mobile and 6 Months for Accessories,15999.0,4.5,Phoenix Red,POCO
240,Tecno Camon 15 ,Helio P22 MT6762 Processor,4 GB RAM | 64 GB ROM | Expandable Upto 256 GB,16.64 cm (6.55 inch) HD+ Display,48MP + 2MP + 2MP + QVGA Rear Camera | 16MP Front Camera,5000 mAh Li-ion Polymer Battery Battery,Dual Sim,Brand Warranty of 13 Months Available for Mobile and 1 Time Screen Replacement,9999.0,4.2,SHOAL GOLD,Tecno
241,Karbonn K19 Rock,1 Year Manufacturer Warranty on Handset & 6 Months Warranty on Box Accessories,32 MB RAM | 32 MB ROM | Expandable Upto 16 GB,4.57 cm (1.8 inch) Display,0.3MP Rear Camera,1750 mAh Battery,Dual Sim,Brand Warranty of 13 Months Available for Mobile and 1 Time Screen Replacement,859.0,3.9,,Karbonn
242,Karbonn Jumbo K9,1 Year for Mobile & 6 Months for Accessories,Expandable Upto 8 GB,6.6 cm (2.6 inch) QVGA Display,1.3MP Rear Camera,1800 mAh Li-Ion Battery,Dual Sim,Brand Warranty of 13 Months Available for Mobile and 1 Time Screen Replacement,1204.0,4.0,,Karbonn
243,I kall K 18 NEW,1 year,32 MB RAM | 32 MB/64 MB ROM,6.1 cm (2.4 inch) Display,0.3MP Rear Camera,2500 mAh Battery,Dual Sim,Brand Warranty of 13 Months Available for Mobile and 1 Time Screen Replacement,999.0,3.7,,I
244,Lava GEM,NA Processor,512 MB RAM | 512 MB ROM | Expandable Upto 32 GB,7.11 cm (2.8 inch) QVGA Display,1.3MP Rear Camera,1750 mAh Battery,Dual Sim,1 year manufacturer Replacement for device and 6 months manufacturer warranty for in-box accessories including batteries from the date of purchase,1599.0,4.2,,Lava
245,OPPO A12 ,MediaTek Helio P35 Processor,4 GB RAM | 64 GB ROM | Expandable Upto 256 GB,15.8 cm (6.22 inch) HD+ Display,13MP + 2MP | 5MP Front Camera,4230 mAh Battery,Dual Sim,Brand Warranty of 1 Year Available for Mobile Including Battery and 6 Months for Accessories,11990.0,4.4,Deep Blue,OPPO
246,Nokia 105,MediaTek Helio P35 Processor,32 MB ROM,3.56 cm (1.4 inch) Display,800 mAh3 Li-Ion Battery,1 Year Manufacturer Warranty,Single Sim,Brand Warranty of 1 Year Available for Mobile Including Battery and 6 Months for Accessories,1159.0,4.0,,Nokia
247,Realme 6i ,MediaTek Helio G90T Processor,4 GB RAM | 64 GB ROM | Expandable Upto 256 GB,16.51 cm (6.5 inch) Full HD+ Display,48MP + 8MP + 2MP + 2MP | 16MP Front Camera,4300 mAh Battery,Dual Sim,Brand Warranty of 1 Year Available for Mobile and 6 Months for Accessories,12999.0,4.4,Lunar White,Realme
248,I kall K 444,1 Year Manufacturer Warranty,64 MB RAM | 64 MB ROM,6.1 cm (2.4 inch) Display,0.3MP Rear Camera,2500 mAh Battery,Dual Sim,Brand Warranty of 1 Year Available for Mobile and 6 Months for Accessories,999.0,3.8,,I
249,Tecno POVA ,MediaTek Helio G80 Processor,4 GB RAM | 64 GB ROM | Expandable Upto 256 GB,17.27 cm (6.8 inch) HD+ Display,16MP + 2MP + 2MP + AI Lens Quad Camera | 8MP Front Camera,6000 mAh Li-ion Polymer Battery,Dual Sim,12+1 Months Warranty,10499.0,4.4,Speed Purple,Tecno
250,Mi 10T ,Qualcomm Snapdragon 865 Processor,8 GB RAM | 128 GB ROM,16.94 cm (6.67 inch) Full HD+ Display,64MP Rear Camera | 20MP Front Camera,5000 mAh Li-ion Polymer Battery,Dual Sim,144Hz Intelligent AdaptiveSync Display,34999.0,4.5,Cosmic Black,Mi
251,Samsung Galaxy M21 , Exynos 9611-Octa Core processor Processor,4 GB RAM | 64 GB ROM | Expandable Upto 512 GB,16.26 cm (6.4 inch) Full HD+ Display,48MP + 8MP + 5MP | 20MP Front Camera,6000 mAh Battery,Dual Sim,1 year manufacturer warranty for device and 6 months manufacturer warranty for in-box accessories including batteries from the date of purchase,14799.0,4.3,Midnight Blue,Samsung
252,Redmi Note 9 ,MediaTek Helio G85 Processor,4 GB RAM | 64 GB ROM | Expandable Upto 512 GB,16.59 cm (6.53 inch) Full HD+ Display,48MP Rear Camera,5020 mAh Battery,Dual Sim,1 year manufacturer warranty for device and 6 months manufacturer warranty for in-box accessories including batteries from the date of purchase,12394.0,4.3,Shadow Black,Redmi
253,Snexian GURU 312,1 Year Manufacturer Warranty,32 MB RAM | 32 MB ROM | Expandable Upto 16 GB,4.57 cm (1.8 inch) Quarter QVGA Display,0.3MP Rear Camera,1000 mAh Battery,Dual Sim,1 year manufacturer warranty for device and 6 months manufacturer warranty for in-box accessories including batteries from the date of purchase,610.0,3.6,,Snexian
254,Redmi Note 9 Pro ,Qualcomm® Snapdragon™ 720G Processor,4 GB RAM | 128 GB ROM | Expandable Upto 512 GB,16.94 cm (6.67 inch) Full HD+ Display,48MP + 8MP + 5MP + 2MP | 16MP Front Camera,5020 mAh Battery,Dual Sim,1 year manufacturer warranty for device and 6 months manufacturer warranty for in-box accessories,14685.0,4.4,Glacier White,Redmi
255,Redmi Note 9 ,MediaTek Helio G85 Processor,4 GB RAM | 64 GB ROM | Expandable Upto 512 GB,16.59 cm (6.53 inch) Full HD+ Display,48MP Rear Camera,5020 mAh Battery,Dual Sim,1 year manufacturer warranty for device and 6 months manufacturer warranty for in-box accessories including batteries from the date of purchase,12361.0,4.3,Arctic White,Redmi
256,Redmi Note 9 Pro ,Qualcomm Snapdragon 720G Processor,4 GB RAM | 128 GB ROM | Expandable Upto 512 GB,16.94 cm (6.67 inch) Full HD+ Display,48MP + 8MP | 16MP Front Camera,5020 mAh Battery,Dual Sim,1 year manufacturer warranty for device and 6 months manufacturer warranty for in-box accessories,14699.0,4.4,Aurora Blue,Redmi
257,Redmi Note 9 Pro ,Qualcomm® Snapdragon™ 720G Processor,4 GB RAM | 64 GB ROM | Expandable Upto 512 GB,16.94 cm (6.67 inch) Full HD+ Display,48MP + 8MP + 5MP + 2MP | 16MP Front Camera,5020 mAh Battery,Dual Sim,1 year manufacturer warranty for device and 6 months manufacturer warranty for in-box accessories,13535.0,4.4,Glacier White,Redmi
258,Redmi Note 9 ,MediaTek Helio G85 Processor,4 GB RAM | 64 GB ROM | Expandable Upto 512 GB,16.59 cm (6.53 inch) Full HD+ Display,48MP Rear Camera,5020 mAh Battery,Dual Sim,1 year manufacturer warranty for device and 6 months manufacturer warranty for in-box accessories including batteries from the date of purchase,12194.0,4.3,Aqua Green,Redmi
259,Redmi Note 9 ,MediaTek Helio G85 Processor,4 GB RAM | 64 GB ROM | Expandable Upto 512 GB,16.59 cm (6.53 inch) Full HD+ Display,48MP Rear Camera,5020 mAh Battery,Dual Sim,1 year manufacturer warranty for device and 6 months manufacturer warranty for in-box accessories including batteries from the date of purchase,12388.0,4.3,Pebble Grey,Redmi
260,Micromax X746,1 Year Warranty,32 MB RAM | 32 MB ROM,6.1 cm (2.4 inch) Display,0.3MP Rear Camera,3000 mAh Battery,Dual Sim,1 year manufacturer warranty for device and 6 months manufacturer warranty for in-box accessories including batteries from the date of purchase,1337.0,4.0,,Micromax
261,Panasonic Eluga I7 ,MediaTek Quad Core Processor,2 GB RAM | 16 GB ROM | Expandable Upto 256 GB,13.87 cm (5.46 inch) HD+ Display,8MP Rear Camera | 8MP Front Camera,4000 mAh Lithium-ion Battery,Dual Sim,1 Year Manufacturer Warranty for Device and 6 Months Manufacturer Warranty for In-box Accessories Including Batteries from the Date of Purchase,5001.0,3.7,Black,Panasonic
262,Samsung Galaxy F41 ,Exynos 9611 Processor,6 GB RAM | 64 GB ROM | Expandable Upto 512 GB,16.26 cm (6.4 inch) Full HD+ Display,64MP + 8MP + 5MP | 32MP Front Camera,6000 mAh Lithium-ion Battery,Dual Sim,Super AMOLED Display,15999.0,4.3,Fusion Green,Samsung
263,OPPO F15 ,MediaTek Helio P70 Processor,4 GB RAM | 128 GB ROM | Expandable Upto 256 GB,16.26 cm (6.4 inch) Full HD+ Display,48MP + 8MP + 2MP + 2MP | 16MP Front Camera,4000 mAh Battery,Dual Sim,VOOC Flash Charge 3.0 with 20W Fast Charging,15990.0,4.4,Lightening Black,OPPO
